2021 category 1 and 2 pollution incidents - England,,,,,,,,,,
,,,,,,,,,,
© Environment Agency 2022.  All rights reserved. ,,,,,,,,,,
This data is a snapshot taken in August 2022 for the calendar year 2021. We've made it available to members of the public for information.  ,,,,,,,,,,
We've published data under the Environment Agency conditional licence,,,,,,,,,,
"If you use the information, you must meet the conditions of the licence.",,,,,,,,,,
,,,,,,,,,,
The latest environmental pollution incidents dataset is available on data.gov.uk,,,,,,,,,,
,,,,,,,,,,
"If you need more current data, please contact the Environment Agency",,,,,,,,,,
,,,,,,,,,,
Data limitations,,,,,,,,,,
It does not include incidents relating to:,,,,,,,,,,
"Fisheries incidents – incidents involving illegal fishing and illegal fish movements, fish disease, fishery management activities and fish kills from non-pollution causes, including low flows and low dissolved oxygen.",,,,,,,,,,
Water resources incidents – incidents involving the quantity of a water resource.,,,,,,,,,,
Waterways incidents – incidents on a waterway where we are the competent authority for navigation. ,,,,,,,,,,
Flood and coastal risk management incidents – for incidents which involve actual or potential flooding and land drainage works. ,,,,,,,,,,
,,,,,,,,,,
"Only incidents where our investigations and response have been completed are included.  Some incidents may take an extended period of months, or exceptionally years, to be completed.",,,,,,,,,,
"The dataset only includes substantiated incidents and their environmental impact. These are where we have confirmation that the incident took place either by a visit from us or a partner organisation, or it is corroborated by other information.",,,,,,,,,,
,,,,,,,,,,
Event number,Reported date,Incident operational area,Grid reference (confirmed),Environmental pollution incident (yes or no),Air environment impact level,Land environment impact level,Water environment impact level,Incident county,Incident district,Incident unitary
1875389,01/01/2021,"West Midlands (Staffordshire, Warwickshire and West Midlands)",SJ 84020 44912,Yes,Category 2 (Significant),Category 4 (No Impact),Category 4 (No Impact),Staffordshire County,Newcastle-under-Lyme District, 
1875483,01/01/2021,Devon and Cornwall,SX 01170 51050,Yes,Category 4 (No Impact),Category 4 (No Impact),Category 2 (Significant),Cornwall County,Restormel District, 
1875611,02/01/2021,Lincolnshire and Northamptonshire,SK 94180 45340,Yes,Category 4 (No Impact),Category 4 (No Impact),Category 2 (Significant),Lincolnshire County,South Kesteven District, 
1875671,02/01/2021,"West Midlands (Shropshire, Herefordshire, Worcestershire and Gloucestershire)",SO 94782 27795,Yes,Category 2 (Significant),Category 4 (No Impact),Category 4 (No Impact),Gloucestershire County,Tewkesbury District, 
1875818,03/01/2021,"Kent, South London and East Sussex",TQ 50523 48713,Yes,Category 4 (No Impact),Category 4 (No Impact),Category 2 (Significant),Kent County,Sevenoaks District, 
1875901,04/01/2021,"West Midlands (Shropshire, Herefordshire, Worcestershire and Gloucestershire)",SJ 82385 05863,Yes,Category 4 (No Impact),Category 3 (Minor),Category 2 (Significant),Shropshire County,Bridgnorth District, 
1876028,04/01/2021,"Kent, South London and East Sussex",TQ 35347 37767,Yes,Category 4 (No Impact),Category 4 (No Impact),Category 2 (Significant),West Sussex County,Mid Sussex District, 
1876231,05/01/2021,Yorkshire,SK 38343 68944,Yes,Category 2 (Significant),Category 4 (No Impact),Category 4 (No Impact),Derbyshire County,Chesterfield District, 
1876290,05/01/2021,Yorkshire,SE 22481 34751,Yes,Category 2 (Significant),Category 4 (No Impact),Category 4 (No Impact), ,Leeds District, 
1876391,05/01/2021,East Anglia (Cambridgeshire and Bedfordshire),TL 17225 27593,Yes,Category 3 (Minor),Category 3 (Minor),Category 1 (Major),Hertfordshire County,North Hertfordshire District, 
1876440,05/01/2021,"Kent, South London and East Sussex",TR 03245 41235,Yes,Category 4 (No Impact),Category 4 (No Impact),Category 2 (Significant),Kent County,Ashford District, 
1876873,07/01/2021,East Midlands,SK 57967 58339,Yes,Category 4 (No Impact),Category 3 (Minor),Category 2 (Significant),Nottinghamshire County,Mansfield District, 
1876991,07/01/2021,North East,NZ 09590 54215,Yes,Category 4 (No Impact),Category 2 (Significant),Category 3 (Minor),Durham County,Derwentside District, 
1877036,07/01/2021,Yorkshire,SE 16429 07383,Yes,Category 4 (No Impact),Category 4 (No Impact),Category 2 (Significant), ,Kirklees District, 
1877079,07/01/2021,Thames,SP 28983 01863,Yes,Category 4 (No Impact),Category 4 (No Impact),Category 2 (Significant),Oxfordshire County,West Oxfordshire District, 
1877179,07/01/2021,Thames,SP 76004 03208,Yes,Category 4 (No Impact),Category 4 (No Impact),Category 2 (Significant),Oxfordshire County,South Oxfordshire District, 
1877238,08/01/2021,East Anglia (Cambridgeshire and Bedfordshire),TL 21084 69808,Yes,Category 2 (Significant),Category 4 (No Impact),Category 4 (No Impact),Cambridgeshire County,Huntingdonshire District, 
1878047,11/01/2021,Yorkshire,SE 26217 30282,Yes,Category 3 (Minor),Category 2 (Significant),Category 4 (No Impact), ,Leeds District, 
1878142,11/01/2021,Yorkshire,SE 19457 40862,Yes,Category 2 (Significant),Category 4 (No Impact),Category 4 (No Impact), ,Leeds District, 
1878203,11/01/2021,Yorkshire,SE 36456 37397,Yes,Category 4 (No Impact),Category 4 (No Impact),Category 2 (Significant), ,Leeds District, 
1878421,12/01/2021,"Kent, South London and East Sussex",TQ 79170 27752,Yes,Category 4 (No Impact),Category 4 (No Impact),Category 2 (Significant),Kent County,Tunbridge Wells District, 
1878817,13/01/2021,"West Midlands (Shropshire, Herefordshire, Worcestershire and Gloucestershire)",SO 34707 52784,Yes,Category 2 (Significant),Category 4 (No Impact),Category 3 (Minor), , ,County of Herefordshire
1879386,14/01/2021,Hertfordshire and North London,TL 28730 21356,Yes,Category 4 (No Impact),Category 2 (Significant),Category 2 (Significant),Hertfordshire County,East Hertfordshire District, 
1880291,17/01/2021,Devon and Cornwall,ST 39696 05363,Yes,Category 4 (No Impact),Category 4 (No Impact),Category 2 (Significant),Dorset County,West Dorset District, 
1880372,18/01/2021,Lincolnshire and Northamptonshire,TF 38424 04993,Yes,Category 4 (No Impact),Category 2 (Significant),Category 4 (No Impact),Cambridgeshire County,Fenland District, 
1880395,18/01/2021,Yorkshire,SE 01509 41184,Yes,Category 4 (No Impact),Category 2 (Significant),Category 3 (Minor), ,Bradford District, 
1880479,18/01/2021,"Greater Manchester, Merseyside and Cheshire",SJ 74484 96950,Yes,Category 4 (No Impact),Category 2 (Significant),Category 4 (No Impact), ,Salford District, 
1880844,19/01/2021,"West Midlands (Shropshire, Herefordshire, Worcestershire and Gloucestershire)",SJ 47051 03106,Yes,Category 3 (Minor),Category 3 (Minor),Category 2 (Significant),Shropshire County,Shrewsbury and Atcham District, 
1881252,20/01/2021,"Greater Manchester, Merseyside and Cheshire",SJ 68232 98005,Yes,Category 4 (No Impact),Category 2 (Significant),Category 4 (No Impact), ,Wigan District, 
1881704,20/01/2021,Devon and Cornwall,SS 51367 13082,Yes,Category 4 (No Impact),Category 4 (No Impact),Category 2 (Significant),Devon County,Torridge District, 
1881951,21/01/2021,Hertfordshire and North London,SP 98796 06035,Yes,Category 4 (No Impact),Category 2 (Significant),Category 4 (No Impact),Hertfordshire County,Dacorum District, 
1882208,21/01/2021,Lincolnshire and Northamptonshire,TF 19960 59350,Yes,Category 4 (No Impact),Category 3 (Minor),Category 2 (Significant),Lincolnshire County,East Lindsey District, 
1882857,23/01/2021,Lincolnshire and Northamptonshire,SP 83125 90970,Yes,Category 4 (No Impact),Category 2 (Significant),Category 3 (Minor),Northamptonshire County,Corby District, 
1883413,25/01/2021,Cumbria and Lancashire,SD 30870 44830,Yes,Category 4 (No Impact),Category 2 (Significant),Category 3 (Minor),Lancashire County,Wyre District, 
1883459,25/01/2021,East Midlands,SK 27454 52659,Yes,Category 4 (No Impact),Category 2 (Significant),Category 4 (No Impact),Derbyshire County,Derbyshire Dales District, 
1883817,26/01/2021,Yorkshire,SK 43879 79904,Yes,Category 3 (Minor),Category 2 (Significant),Category 3 (Minor),Derbyshire County,North East Derbyshire District, 
1884122,27/01/2021,Cumbria and Lancashire,SD 72819 52615,Yes,Category 4 (No Impact),Category 4 (No Impact),Category 2 (Significant),Lancashire County,Ribble Valley District, 
1884641,28/01/2021,Yorkshire,SE 41594 14833,Yes,Category 4 (No Impact),Category 4 (No Impact),Category 2 (Significant), ,Wakefield District, 
1884718,28/01/2021,East Midlands,SK 74691 20014,Yes,Category 3 (Minor),Category 2 (Significant),Category 4 (No Impact),Leicestershire County,Melton District, 
1885777,29/01/2021,Thames,SP 27725 05134,Yes,Category 4 (No Impact),Category 2 (Significant),Category 4 (No Impact),Oxfordshire County,West Oxfordshire District, 
1885985,30/01/2021,"Kent, South London and East Sussex",TQ 18995 43937,Yes,Category 3 (Minor),Category 4 (No Impact),Category 2 (Significant),Surrey County,Mole Valley District, 
1886338,31/01/2021,East Midlands,SK 66963 00696,Yes,Category 4 (No Impact),Category 4 (No Impact),Category 2 (Significant),Leicestershire County,Harborough District, 
1886503,01/02/2021,"West Midlands (Staffordshire, Warwickshire and West Midlands)",SJ 82233 46201,Yes,Category 1 (Major),Category 4 (No Impact),Category 4 (No Impact),Staffordshire County,Newcastle-under-Lyme District, 
1886689,01/02/2021,Cumbria and Lancashire,SD 47887 07629,Yes,Category 4 (No Impact),Category 4 (No Impact),Category 2 (Significant),Lancashire County,West Lancashire District, 
1886768,01/02/2021,"West Midlands (Staffordshire, Warwickshire and West Midlands)",SP 30599 94105,Yes,Category 4 (No Impact),Category 2 (Significant),Category 4 (No Impact),Warwickshire County,North Warwickshire District, 
1886978,01/02/2021,East Anglia (Cambridgeshire and Bedfordshire),TL 21087 69395,Yes,Category 2 (Significant),Category 4 (No Impact),Category 4 (No Impact),Cambridgeshire County,Huntingdonshire District, 
1887861,03/02/2021,"West Midlands (Staffordshire, Warwickshire and West Midlands)",SP 35367 83383,Yes,Category 4 (No Impact),Category 4 (No Impact),Category 2 (Significant), ,Coventry District, 
1888469,04/02/2021,"West Midlands (Shropshire, Herefordshire, Worcestershire and Gloucestershire)",SO 85375 54618,Yes,Category 4 (No Impact),Category 4 (No Impact),Category 2 (Significant),Worcestershire County,Worcester District, 
1888578,04/02/2021,"East Anglia (Essex, Norfolk and Suffolk)",TG 04310 21867,Yes,Category 3 (Minor),Category 4 (No Impact),Category 2 (Significant),Norfolk County,Breckland District, 
1889218,06/02/2021,Lincolnshire and Northamptonshire,SP 64841 89438,Yes,Category 4 (No Impact),Category 3 (Minor),Category 2 (Significant),Leicestershire County,Harborough District, 
1890298,09/02/2021,Cumbria and Lancashire,NY 37435 68862,Yes,Category 4 (No Impact),Category 4 (No Impact),Category 2 (Significant),Cumbria County,Carlisle District, 
1890376,10/02/2021,Yorkshire,SE 18376 26902,Yes,Category 4 (No Impact),Category 4 (No Impact),Category 2 (Significant), ,Kirklees District, 
1890539,10/02/2021,"Kent, South London and East Sussex",TQ 92926 37622,Yes,Category 4 (No Impact),Category 3 (Minor),Category 2 (Significant),Kent County,Ashford District, 
1891041,12/02/2021,Hertfordshire and North London,TL 00616 02375,Yes,Category 2 (Significant),Category 4 (No Impact),Category 4 (No Impact),Hertfordshire County,Dacorum District, 
1891397,13/02/2021,Thames,SU 87677 87215,Yes,Category 4 (No Impact),Category 4 (No Impact),Category 2 (Significant),Buckinghamshire County,Wycombe District, 
1891462,14/02/2021,Devon and Cornwall,SS 36443 19656,Yes,Category 4 (No Impact),Category 3 (Minor),Category 2 (Significant),Devon County,Torridge District, 
1891541,15/02/2021,Wessex,ST 64996 35126,Yes,Category 4 (No Impact),Category 4 (No Impact),Category 2 (Significant),Somerset County,Mendip District, 
1891889,15/02/2021,Devon and Cornwall,SS 31226 21842,Yes,Category 4 (No Impact),Category 3 (Minor),Category 2 (Significant),Devon County,Torridge District, 
1891991,16/02/2021,East Midlands,SK 42556 28077,Yes,Category 4 (No Impact),Category 4 (No Impact),Category 2 (Significant),Leicestershire County,North West Leicestershire District, 
1892026,16/02/2021,Lincolnshire and Northamptonshire,TF 45958 07786,Yes,Category 4 (No Impact),Category 4 (No Impact),Category 2 (Significant),Cambridgeshire County,Fenland District, 
1892163,16/02/2021,"Kent, South London and East Sussex",TR 40119 69794,Yes,Category 4 (No Impact),Category 4 (No Impact),Category 2 (Significant),Kent County,Thanet District, 
1892271,16/02/2021,"Greater Manchester, Merseyside and Cheshire",SJ 68847 98125,Yes,Category 4 (No Impact),Category 2 (Significant),Category 4 (No Impact), ,Wigan District, 
1892420,17/02/2021,Yorkshire,SE 18430 26890,Yes,Category 4 (No Impact),Category 4 (No Impact),Category 2 (Significant), ,Kirklees District, 
1892726,17/02/2021,North East,NY 70454 66967,Yes,Category 4 (No Impact),Category 4 (No Impact),Category 2 (Significant),Northumberland County,Tynedale District, 
1892816,18/02/2021,"West Midlands (Staffordshire, Warwickshire and West Midlands)",SP 38659 58785,Yes,Category 4 (No Impact),Category 2 (Significant),Category 4 (No Impact),Warwickshire County,Stratford-On-Avon District, 
1893094,18/02/2021,Yorkshire,SE 26240 30352,Yes,Category 3 (Minor),Category 2 (Significant),Category 4 (No Impact), ,Leeds District, 
1893304,19/02/2021,Cumbria and Lancashire,SD 74533 50549,Yes,Category 4 (No Impact),Category 2 (Significant),Category 2 (Significant),Lancashire County,Ribble Valley District, 
1893548,20/02/2021,Yorkshire,SE 25797 25012,Yes,Category 4 (No Impact),Category 4 (No Impact),Category 2 (Significant), ,Kirklees District, 
1894558,22/02/2021,"East Anglia (Essex, Norfolk and Suffolk)",TL 75944 27135,Yes,Category 4 (No Impact),Category 4 (No Impact),Category 1 (Major),Essex County,Braintree District, 
1894806,23/02/2021,"West Midlands (Staffordshire, Warwickshire and West Midlands)",SK 15684 44710,Yes,Category 3 (Minor),Category 4 (No Impact),Category 2 (Significant),Staffordshire County,East Staffordshire District, 
1894876,23/02/2021,Solent and South Downs,TQ 23942 21530,Yes,Category 4 (No Impact),Category 2 (Significant),Category 2 (Significant),West Sussex County,Horsham District, 
1894900,23/02/2021,East Midlands,SE 72959 00898,Yes,Category 4 (No Impact),Category 3 (Minor),Category 2 (Significant), , ,North Lincolnshire
1894937,23/02/2021,Yorkshire,SE 19464 40851,Yes,Category 2 (Significant),Category 4 (No Impact),Category 4 (No Impact), ,Leeds District, 
1894983,23/02/2021,"Greater Manchester, Merseyside and Cheshire",SD 81642 27778,Yes,Category 4 (No Impact),Category 4 (No Impact),Category 2 (Significant),Lancashire County,Burnley District, 
1895097,23/02/2021,"Greater Manchester, Merseyside and Cheshire",SJ 76011 43439,Yes,Category 4 (No Impact),Category 2 (Significant),Category 4 (No Impact),Staffordshire County,Newcastle-under-Lyme District, 
1895215,24/02/2021,Devon and Cornwall,SY 00739 89176,Yes,Category 4 (No Impact),Category 4 (No Impact),Category 2 (Significant),Devon County,East Devon District, 
1895269,24/02/2021,Lincolnshire and Northamptonshire,TF 03564 47651,Yes,Category 3 (Minor),Category 2 (Significant),Category 4 (No Impact),Lincolnshire County,North Kesteven District, 
1895277,24/02/2021,Thames,SU 61952 90212,Yes,Category 4 (No Impact),Category 4 (No Impact),Category 2 (Significant),Oxfordshire County,South Oxfordshire District, 
1895627,24/02/2021,"Greater Manchester, Merseyside and Cheshire",SJ 36361 73551,Yes,Category 3 (Minor),Category 2 (Significant),Category 3 (Minor),Cheshire County,Chester District, 
1895636,25/02/2021,"West Midlands (Staffordshire, Warwickshire and West Midlands)",SP 29039 36351,Yes,Category 4 (No Impact),Category 4 (No Impact),Category 2 (Significant),Warwickshire County,Stratford-On-Avon District, 
1895752,25/02/2021,East Midlands,SK 43614 25116,Yes,Category 4 (No Impact),Category 4 (No Impact),Category 2 (Significant),Leicestershire County,North West Leicestershire District, 
1896401,26/02/2021,"East Anglia (Essex, Norfolk and Suffolk)",TL 83667 30071,Yes,Category 4 (No Impact),Category 2 (Significant),Category 4 (No Impact),Essex County,Braintree District, 
1896533,26/02/2021,"Kent, South London and East Sussex",TQ 50531 48755,Yes,Category 4 (No Impact),Category 4 (No Impact),Category 2 (Significant),Kent County,Sevenoaks District, 
1896658,26/02/2021,"West Midlands (Staffordshire, Warwickshire and West Midlands)",SP 35553 75365,Yes,Category 3 (Minor),Category 1 (Major),Category 2 (Significant), ,Coventry District, 
1897428,27/02/2021,North East,NT 93974 40886,Yes,Category 4 (No Impact),Category 3 (Minor),Category 2 (Significant),Northumberland County,Berwick-Upon-Tweed District, 
1898361,01/03/2021,"West Midlands (Staffordshire, Warwickshire and West Midlands)",SJ 84055 45558,Yes,Category 1 (Major),Category 4 (No Impact),Category 4 (No Impact),Staffordshire County,Newcastle-under-Lyme District, 
1898564,01/03/2021,"West Midlands (Staffordshire, Warwickshire and West Midlands)",SK 04159 02529,Yes,Category 2 (Significant),Category 4 (No Impact),Category 4 (No Impact), ,Walsall District, 
1898598,01/03/2021,Yorkshire,SE 22468 34755,Yes,Category 2 (Significant),Category 4 (No Impact),Category 4 (No Impact), ,Leeds District, 
1898926,01/03/2021,East Anglia (Cambridgeshire and Bedfordshire),TM 05131 94930,Yes,Category 2 (Significant),Category 4 (No Impact),Category 4 (No Impact),Norfolk County,Breckland District, 
1899107,02/03/2021,"Greater Manchester, Merseyside and Cheshire",SD 80924 13876,Yes,Category 4 (No Impact),Category 3 (Minor),Category 2 (Significant), ,Bury District, 
1899180,02/03/2021,Yorkshire,TA 06046 58456,Yes,Category 4 (No Impact),Category 2 (Significant),Category 4 (No Impact), , ,East Riding of Yorkshire
1899219,02/03/2021,Yorkshire,SE 19460 40851,Yes,Category 2 (Significant),Category 4 (No Impact),Category 4 (No Impact), ,Leeds District, 
1899666,03/03/2021,North East,NZ 14703 40617,Yes,Category 4 (No Impact),Category 3 (Minor),Category 2 (Significant),Durham County,Derwentside District, 
1899823,03/03/2021,Solent and South Downs,SU 44080 12920,Yes,Category 4 (No Impact),Category 2 (Significant),Category 3 (Minor), , ,City of Southampton
1899829,03/03/2021,East Midlands,SK 55571 82556,Yes,Category 3 (Minor),Category 2 (Significant),Category 4 (No Impact), ,Rotherham District, 
1900040,03/03/2021,East Anglia (Cambridgeshire and Bedfordshire),TF 60825 20388,Yes,Category 4 (No Impact),Category 3 (Minor),Category 2 (Significant),Norfolk County,King's Lynn and West Norfolk District, 
1900549,05/03/2021,"East Anglia (Essex, Norfolk and Suffolk)",TG 43742 15457,Yes,Category 4 (No Impact),Category 2 (Significant),Category 3 (Minor),Norfolk County,Great Yarmouth District, 
1900619,05/03/2021,Lincolnshire and Northamptonshire,TA 10705 01350,Yes,Category 4 (No Impact),Category 4 (No Impact),Category 2 (Significant),Lincolnshire County,West Lindsey District, 
1901553,06/03/2021,"West Midlands (Shropshire, Herefordshire, Worcestershire and Gloucestershire)",SJ 50023 12215,Yes,Category 3 (Minor),Category 4 (No Impact),Category 2 (Significant),Shropshire County,Shrewsbury and Atcham District, 
1901707,06/03/2021,Hertfordshire and North London,TQ 28240 92923,Yes,Category 3 (Minor),Category 4 (No Impact),Category 2 (Significant), ,Barnet London Borough, 
1902631,08/03/2021,Wessex,ST 59584 10397,Yes,Category 4 (No Impact),Category 4 (No Impact),Category 2 (Significant),Dorset County,West Dorset District, 
1903386,09/03/2021,Wessex,ST 31514 35887,Yes,Category 4 (No Impact),Category 3 (Minor),Category 2 (Significant),Somerset County,Sedgemoor District, 
1903899,09/03/2021,East Anglia (Cambridgeshire and Bedfordshire),SP 69936 31301,Yes,Category 4 (No Impact),Category 4 (No Impact),Category 2 (Significant),Buckinghamshire County,Aylesbury Vale District, 
1903907,09/03/2021,East Anglia (Cambridgeshire and Bedfordshire),SP 86105 32999,Yes,Category 4 (No Impact),Category 4 (No Impact),Category 2 (Significant), , ,Milton Keynes
1904165,09/03/2021,"Greater Manchester, Merseyside and Cheshire",SD 88634 25201,Yes,Category 3 (Minor),Category 2 (Significant),Category 2 (Significant),Lancashire County,Rossendale District, 
1904464,10/03/2021,"West Midlands (Staffordshire, Warwickshire and West Midlands)",SK 10533 39224,Yes,Category 4 (No Impact),Category 4 (No Impact),Category 2 (Significant),Staffordshire County,East Staffordshire District, 
1904920,11/03/2021,East Anglia (Cambridgeshire and Bedfordshire),SP 88921 40331,Yes,Category 4 (No Impact),Category 4 (No Impact),Category 2 (Significant), , ,Milton Keynes
1905299,12/03/2021,Cumbria and Lancashire,SD 88533 38559,Yes,Category 3 (Minor),Category 2 (Significant),Category 3 (Minor),Lancashire County,Pendle District, 
1905761,13/03/2021,"West Midlands (Staffordshire, Warwickshire and West Midlands)",SJ 97421 00477,Yes,Category 3 (Minor),Category 2 (Significant),Category 4 (No Impact), ,Walsall District, 
1906341,15/03/2021,Yorkshire,SE 19386 40863,Yes,Category 2 (Significant),Category 4 (No Impact),Category 4 (No Impact), ,Leeds District, 
1906378,15/03/2021,Devon and Cornwall,SW 79264 32802,Yes,Category 4 (No Impact),Category 4 (No Impact),Category 2 (Significant),Cornwall County,Carrick District, 
1907175,16/03/2021,Cumbria and Lancashire,NY 79469 14061,Yes,Category 4 (No Impact),Category 4 (No Impact),Category 2 (Significant),Cumbria County,Eden District, 
1908076,18/03/2021,Thames,SP 56145 02555,Yes,Category 4 (No Impact),Category 4 (No Impact),Category 2 (Significant),Oxfordshire County,Oxford District, 
1908079,18/03/2021,Cumbria and Lancashire,NY 06925 37169,Yes,Category 4 (No Impact),Category 4 (No Impact),Category 2 (Significant),Cumbria County,Allerdale District, 
1908102,18/03/2021,East Midlands,SK 26116 31648,Yes,Category 2 (Significant),Category 2 (Significant),Category 4 (No Impact),Derbyshire County,South Derbyshire District, 
1908390,18/03/2021,Yorkshire,SE 19416 40881,Yes,Category 2 (Significant),Category 4 (No Impact),Category 4 (No Impact), ,Leeds District, 
1908533,18/03/2021,Cumbria and Lancashire,SD 74085 27435,Yes,Category 2 (Significant),Category 4 (No Impact),Category 3 (Minor),Lancashire County,Hyndburn District, 
1908671,19/03/2021,"West Midlands (Staffordshire, Warwickshire and West Midlands)",SP 08499 89032,Yes,Category 2 (Significant),Category 4 (No Impact),Category 4 (No Impact), ,Birmingham District, 
1908932,19/03/2021,Yorkshire,SE 26212 30290,Yes,Category 3 (Minor),Category 2 (Significant),Category 4 (No Impact), ,Leeds District, 
1930004,19/03/2021,Lincolnshire and Northamptonshire,SP 62683 59495,Yes,Category 4 (No Impact),Category 2 (Significant),Category 4 (No Impact),Northamptonshire County,Daventry District, 
1910596,22/03/2021,"West Midlands (Shropshire, Herefordshire, Worcestershire and Gloucestershire)",SO 58887 00286,Yes,Category 4 (No Impact),Category 4 (No Impact),Category 2 (Significant),Gloucestershire County,Forest of Dean District, 
1910921,23/03/2021,"West Midlands (Staffordshire, Warwickshire and West Midlands)",SJ 97499 00579,Yes,Category 3 (Minor),Category 2 (Significant),Category 4 (No Impact), ,Walsall District, 
1910974,23/03/2021,Hertfordshire and North London,TQ 52578 94822,Yes,Category 4 (No Impact),Category 2 (Significant),Category 4 (No Impact),Essex County,Brentwood District, 
1911071,23/03/2021,East Midlands,SK 47704 54783,Yes,Category 4 (No Impact),Category 2 (Significant),Category 4 (No Impact),Nottinghamshire County,Ashfield District, 
1911067,23/03/2021,Thames,SU 89752 53267,Yes,Category 4 (No Impact),Category 2 (Significant),Category 4 (No Impact),Surrey County,Guildford District, 
1911131,23/03/2021,Thames,SP 70050 21759,Yes,Category 3 (Minor),Category 4 (No Impact),Category 1 (Major),Buckinghamshire County,Aylesbury Vale District, 
1911105,23/03/2021,Yorkshire,SE 21232 04608,Yes,Category 4 (No Impact),Category 4 (No Impact),Category 2 (Significant), ,Barnsley District, 
1911178,23/03/2021,"Greater Manchester, Merseyside and Cheshire",SJ 58638 78104,Yes,Category 4 (No Impact),Category 2 (Significant),Category 4 (No Impact),Cheshire County,Vale Royal District, 
1911562,24/03/2021,"Greater Manchester, Merseyside and Cheshire",SD 88108 18831,Yes,Category 4 (No Impact),Category 4 (No Impact),Category 2 (Significant),Lancashire County,Rossendale District, 
1911986,25/03/2021,Devon and Cornwall,SW 72428 24432,Yes,Category 3 (Minor),Category 2 (Significant),Category 2 (Significant),Cornwall County,Kerrier District, 
1912129,25/03/2021,"Greater Manchester, Merseyside and Cheshire",SD 88338 22247,Yes,Category 2 (Significant),Category 2 (Significant),Category 4 (No Impact),Lancashire County,Rossendale District, 
1912637,26/03/2021,Devon and Cornwall,SS 53838 32108,Yes,Category 4 (No Impact),Category 4 (No Impact),Category 2 (Significant),Devon County,North Devon District, 
1912866,27/03/2021,"Greater Manchester, Merseyside and Cheshire",SD 81202 22604,Yes,Category 4 (No Impact),Category 4 (No Impact),Category 2 (Significant),Lancashire County,Rossendale District, 
1913012,27/03/2021,"West Midlands (Staffordshire, Warwickshire and West Midlands)",SP 29399 81626,Yes,Category 4 (No Impact),Category 4 (No Impact),Category 2 (Significant), ,Coventry District, 
1913049,27/03/2021,Lincolnshire and Northamptonshire,TF 37767 19813,Yes,Category 2 (Significant),Category 2 (Significant),Category 4 (No Impact),Lincolnshire County,South Holland District, 
1913264,28/03/2021,East Midlands,SK 51661 82456,Yes,Category 4 (No Impact),Category 2 (Significant),Category 4 (No Impact), ,Rotherham District, 
1913482,29/03/2021,Thames,SU 47429 61384,Yes,Category 4 (No Impact),Category 2 (Significant),Category 3 (Minor),Hampshire County,Basingstoke and Deane District, 
1913565,29/03/2021,Thames,TQ 06470 63230,Yes,Category 4 (No Impact),Category 4 (No Impact),Category 2 (Significant),Surrey County,Elmbridge District, 
1913568,29/03/2021,Yorkshire,SE 19415 40878,Yes,Category 2 (Significant),Category 4 (No Impact),Category 4 (No Impact), ,Leeds District, 
1914043,30/03/2021,Wessex,ST 66570 37269,Yes,Category 4 (No Impact),Category 4 (No Impact),Category 1 (Major),Somerset County,Mendip District, 
1914193,30/03/2021,Wessex,ST 54669 35517,Yes,Category 4 (No Impact),Category 4 (No Impact),Category 1 (Major),Somerset County,Mendip District, 
1914309,30/03/2021,"Greater Manchester, Merseyside and Cheshire",SD 88308 17978,Yes,Category 4 (No Impact),Category 4 (No Impact),Category 2 (Significant),Lancashire County,Rossendale District, 
1914460,31/03/2021,"Greater Manchester, Merseyside and Cheshire",SJ 59474 95787,Yes,Category 4 (No Impact),Category 4 (No Impact),Category 1 (Major), ,St Helens District, 
1915160,01/04/2021,"West Midlands (Staffordshire, Warwickshire and West Midlands)",SJ 82069 46382,Yes,Category 1 (Major),Category 4 (No Impact),Category 4 (No Impact),Staffordshire County,Newcastle-under-Lyme District, 
1915233,01/04/2021,Yorkshire,SE 19549 40793,Yes,Category 2 (Significant),Category 4 (No Impact),Category 4 (No Impact), ,Leeds District, 
1915424,01/04/2021,"West Midlands (Staffordshire, Warwickshire and West Midlands)",SP 05984 79355,Yes,Category 2 (Significant),Category 4 (No Impact),Category 4 (No Impact), ,Birmingham District, 
1915465,01/04/2021,Yorkshire,SK 37317 89622,Yes,Category 2 (Significant),Category 4 (No Impact),Category 4 (No Impact), ,Sheffield District, 
1915563,01/04/2021,East Anglia (Cambridgeshire and Bedfordshire),SP 62530 32606,Yes,Category 2 (Significant),Category 4 (No Impact),Category 4 (No Impact),Oxfordshire County,Cherwell District, 
1915581,01/04/2021,Yorkshire,SE 26241 30344,Yes,Category 3 (Minor),Category 2 (Significant),Category 4 (No Impact), ,Leeds District, 
1915680,02/04/2021,"West Midlands (Shropshire, Herefordshire, Worcestershire and Gloucestershire)",SO 94516 22362,Yes,Category 4 (No Impact),Category 4 (No Impact),Category 2 (Significant),Gloucestershire County,Cheltenham District, 
1915756,02/04/2021,"West Midlands (Shropshire, Herefordshire, Worcestershire and Gloucestershire)",SO 52334 41697,Yes,Category 4 (No Impact),Category 4 (No Impact),Category 2 (Significant), , ,County of Herefordshire
1915803,02/04/2021,Devon and Cornwall,SW 99600 51270,Yes,Category 3 (Minor),Category 3 (Minor),Category 2 (Significant),Cornwall County,Restormel District, 
1916740,04/04/2021,Wessex,ST 51363 05519,Yes,Category 4 (No Impact),Category 3 (Minor),Category 2 (Significant),Dorset County,West Dorset District, 
1916970,05/04/2021,Lincolnshire and Northamptonshire,SP 88112 76212,Yes,Category 4 (No Impact),Category 2 (Significant),Category 4 (No Impact),Northamptonshire County,Kettering District, 
1917049,05/04/2021,Wessex,SU 05665 03075,Yes,Category 3 (Minor),Category 2 (Significant),Category 3 (Minor),Dorset County,East Dorset District, 
1917257,06/04/2021,"East Anglia (Essex, Norfolk and Suffolk)",TG 40186 14765,Yes,Category 4 (No Impact),Category 4 (No Impact),Category 1 (Major),Norfolk County,Great Yarmouth District, 
1917345,06/04/2021,East Anglia (Cambridgeshire and Bedfordshire),TM 05142 94906,Yes,Category 2 (Significant),Category 4 (No Impact),Category 4 (No Impact),Norfolk County,Breckland District, 
1918217,08/04/2021,Yorkshire,SE 22487 34754,Yes,Category 2 (Significant),Category 4 (No Impact),Category 4 (No Impact), ,Leeds District, 
1918456,08/04/2021,Hertfordshire and North London,SP 96368 06007,Yes,Category 2 (Significant),Category 3 (Minor),Category 3 (Minor),Buckinghamshire County,Chiltern District, 
1918593,09/04/2021,Solent and South Downs,TQ 43013 09130,Yes,Category 2 (Significant),Category 4 (No Impact),Category 4 (No Impact),East Sussex County,Lewes District, 
1918727,09/04/2021,Yorkshire,SE 19426 40872,Yes,Category 2 (Significant),Category 4 (No Impact),Category 4 (No Impact), ,Leeds District, 
1918877,09/04/2021,"East Anglia (Essex, Norfolk and Suffolk)",TM 17172 63513,Yes,Category 4 (No Impact),Category 2 (Significant),Category 4 (No Impact),Suffolk County,Mid Suffolk District, 
1918907,09/04/2021,North East,NZ 32360 59707,Yes,Category 4 (No Impact),Category 4 (No Impact),Category 1 (Major), ,Sunderland District, 
1919967,11/04/2021,Solent and South Downs,TQ 39001 17205,Yes,Category 4 (No Impact),Category 2 (Significant),Category 2 (Significant),East Sussex County,Lewes District, 
1919995,11/04/2021,East Anglia (Cambridgeshire and Bedfordshire),TL 28138 96045,Yes,Category 4 (No Impact),Category 2 (Significant),Category 4 (No Impact),Cambridgeshire County,Fenland District, 
1921042,13/04/2021,"West Midlands (Staffordshire, Warwickshire and West Midlands)",SO 99167 97288,Yes,Category 4 (No Impact),Category 2 (Significant),Category 4 (No Impact), ,Walsall District, 
1922153,14/04/2021,East Anglia (Cambridgeshire and Bedfordshire),SP 88405 33169,Yes,Category 4 (No Impact),Category 4 (No Impact),Category 2 (Significant), , ,Milton Keynes
1922757,15/04/2021,Lincolnshire and Northamptonshire,TF 44313 07421,Yes,Category 2 (Significant),Category 2 (Significant),Category 4 (No Impact),Cambridgeshire County,Fenland District, 
1923326,16/04/2021,"West Midlands (Shropshire, Herefordshire, Worcestershire and Gloucestershire)",SO 59085 29526,Yes,Category 4 (No Impact),Category 4 (No Impact),Category 2 (Significant), , ,County of Herefordshire
1924068,17/04/2021,Yorkshire,SE 12232 88939,Yes,Category 4 (No Impact),Category 4 (No Impact),Category 2 (Significant),North Yorkshire County,Richmondshire District, 
1924223,18/04/2021,North East,NZ 26343 69794,Yes,Category 4 (No Impact),Category 4 (No Impact),Category 1 (Major), ,North Tyneside District, 
1924412,18/04/2021,Cumbria and Lancashire,SD 68266 27113,Yes,Category 2 (Significant),Category 4 (No Impact),Category 3 (Minor), , ,Blackburn
1924420,18/04/2021,Yorkshire,SE 74045 22527,Yes,Category 2 (Significant),Category 2 (Significant),Category 3 (Minor), , ,East Riding of Yorkshire
1924699,19/04/2021,Hertfordshire and North London,TL 24354 22391,Yes,Category 4 (No Impact),Category 4 (No Impact),Category 2 (Significant),Hertfordshire County,Stevenage District, 
1924734,19/04/2021,"West Midlands (Staffordshire, Warwickshire and West Midlands)",SO 98021 98280,Yes,Category 4 (No Impact),Category 2 (Significant),Category 4 (No Impact), ,Walsall District, 
1924861,19/04/2021,"Kent, South London and East Sussex",TQ 94276 36629,Yes,Category 4 (No Impact),Category 2 (Significant),Category 4 (No Impact),Kent County,Ashford District, 
1924877,19/04/2021,East Anglia (Cambridgeshire and Bedfordshire),TL 28134 96035,Yes,Category 4 (No Impact),Category 2 (Significant),Category 4 (No Impact),Cambridgeshire County,Fenland District, 
1925388,20/04/2021,North East,NZ 42300 09800,Yes,Category 4 (No Impact),Category 4 (No Impact),Category 2 (Significant), , ,Stockton-On-Tees
1925408,20/04/2021,"West Midlands (Staffordshire, Warwickshire and West Midlands)",SO 89220 89383,Yes,Category 4 (No Impact),Category 4 (No Impact),Category 1 (Major), ,Dudley District, 
1925707,20/04/2021,Yorkshire,SE 08127 25229,Yes,Category 3 (Minor),Category 2 (Significant),Category 3 (Minor), ,Calderdale District, 
1926305,21/04/2021,Yorkshire,SE 03494 44887,Yes,Category 4 (No Impact),Category 4 (No Impact),Category 2 (Significant), ,Bradford District, 
1926423,22/04/2021,Thames,SU 99270 49992,Yes,Category 4 (No Impact),Category 4 (No Impact),Category 1 (Major),Surrey County,Guildford District, 
1926536,22/04/2021,"East Anglia (Essex, Norfolk and Suffolk)",TM 16260 88200,Yes,Category 4 (No Impact),Category 4 (No Impact),Category 2 (Significant),Norfolk County,South Norfolk District, 
1926840,22/04/2021,Devon and Cornwall,SX 22438 69186,Yes,Category 4 (No Impact),Category 2 (Significant),Category 4 (No Impact),Cornwall County,Caradon District, 
1927283,23/04/2021,"West Midlands (Shropshire, Herefordshire, Worcestershire and Gloucestershire)",SO 88720 12672,Yes,Category 4 (No Impact),Category 4 (No Impact),Category 2 (Significant),Gloucestershire County,Stroud District, 
1927297,23/04/2021,Yorkshire,SE 53940 08999,Yes,Category 2 (Significant),Category 4 (No Impact),Category 4 (No Impact), ,Doncaster District, 
1927413,23/04/2021,Cumbria and Lancashire,NY 38910 56681,Yes,Category 2 (Significant),Category 3 (Minor),Category 3 (Minor),Cumbria County,Carlisle District, 
1928779,26/04/2021,"West Midlands (Shropshire, Herefordshire, Worcestershire and Gloucestershire)",SJ 67607 10301,Yes,Category 1 (Major),Category 2 (Significant),Category 1 (Major), , ,The Wrekin
1928964,26/04/2021,Solent and South Downs,SU 92875 17778,Yes,Category 4 (No Impact),Category 4 (No Impact),Category 2 (Significant),West Sussex County,Chichester District, 
1929014,26/04/2021,"Kent, South London and East Sussex",TQ 45681 73964,Yes,Category 4 (No Impact),Category 4 (No Impact),Category 2 (Significant), ,Bexley London Borough, 
1929239,27/04/2021,North East,NZ 18686 87279,Yes,Category 4 (No Impact),Category 3 (Minor),Category 2 (Significant),Northumberland County,Castle Morpeth District, 
1929244,27/04/2021,Devon and Cornwall,SS 34346 04778,Yes,Category 3 (Minor),Category 3 (Minor),Category 2 (Significant),Devon County,Torridge District, 
1929304,27/04/2021,Lincolnshire and Northamptonshire,TF 09299 94689,Yes,Category 4 (No Impact),Category 2 (Significant),Category 4 (No Impact),Lincolnshire County,West Lindsey District, 
1929340,27/04/2021,East Anglia (Cambridgeshire and Bedfordshire),TL 23901 34260,Yes,Category 4 (No Impact),Category 2 (Significant),Category 2 (Significant),Hertfordshire County,North Hertfordshire District, 
1929972,28/04/2021,North East,NZ 17284 46678,Yes,Category 4 (No Impact),Category 4 (No Impact),Category 2 (Significant),Durham County,Derwentside District, 
1930034,28/04/2021,Devon and Cornwall,SY 20460 97803,Yes,Category 3 (Minor),Category 3 (Minor),Category 2 (Significant),Devon County,East Devon District, 
1930965,30/04/2021,Devon and Cornwall,SW 78551 61240,Yes,Category 4 (No Impact),Category 3 (Minor),Category 2 (Significant),Cornwall County,Restormel District, 
1931507,01/05/2021,"West Midlands (Staffordshire, Warwickshire and West Midlands)",SP 05984 79355,Yes,Category 2 (Significant),Category 4 (No Impact),Category 4 (No Impact), ,Birmingham District, 
1931598,01/05/2021,"West Midlands (Staffordshire, Warwickshire and West Midlands)",SJ 83467 45024,Yes,Category 1 (Major),Category 4 (No Impact),Category 4 (No Impact),Staffordshire County,Newcastle-under-Lyme District, 
1933158,04/05/2021,Hertfordshire and North London,TQ 17839 93165,Yes,Category 4 (No Impact),Category 2 (Significant),Category 3 (Minor), ,Harrow London Borough, 
1933377,05/05/2021,Yorkshire,SE 19410 40871,Yes,Category 2 (Significant),Category 4 (No Impact),Category 4 (No Impact), ,Leeds District, 
1933440,05/05/2021,Yorkshire,SE 31534 30956,Yes,Category 2 (Significant),Category 4 (No Impact),Category 4 (No Impact), ,Leeds District, 
1933907,06/05/2021,Lincolnshire and Northamptonshire,TF 45135 10713,Yes,Category 2 (Significant),Category 3 (Minor),Category 4 (No Impact),Cambridgeshire County,Fenland District, 
1934403,06/05/2021,East Midlands,SK 54899 37696,Yes,Category 1 (Major),Category 3 (Minor),Category 3 (Minor), , ,City of Nottingham
1934633,07/05/2021,"Greater Manchester, Merseyside and Cheshire",SJ 69286 76805,Yes,Category 4 (No Impact),Category 2 (Significant),Category 4 (No Impact),Cheshire County,Macclesfield District, 
1934797,07/05/2021,East Anglia (Cambridgeshire and Bedfordshire),TL 78258 59381,Yes,Category 4 (No Impact),Category 4 (No Impact),Category 2 (Significant),Suffolk County,St Edmundsbury District, 
1935980,10/05/2021,Yorkshire,SE 22492 34752,Yes,Category 2 (Significant),Category 4 (No Impact),Category 4 (No Impact), ,Leeds District, 
1936338,11/05/2021,Devon and Cornwall,SS 20827 02805,Yes,Category 4 (No Impact),Category 3 (Minor),Category 2 (Significant),Cornwall County,North Cornwall District, 
1936377,11/05/2021,East Anglia (Cambridgeshire and Bedfordshire),TM 05142 94887,Yes,Category 2 (Significant),Category 4 (No Impact),Category 4 (No Impact),Norfolk County,Breckland District, 
1936361,11/05/2021,Yorkshire,SE 53951 08992,Yes,Category 2 (Significant),Category 4 (No Impact),Category 4 (No Impact), ,Doncaster District, 
1936692,11/05/2021,Wessex,ST 73248 34096,Yes,Category 4 (No Impact),Category 4 (No Impact),Category 1 (Major),Somerset County,South Somerset District, 
1937307,12/05/2021,Yorkshire,SE 10702 11334,Yes,Category 4 (No Impact),Category 4 (No Impact),Category 2 (Significant), ,Kirklees District, 
1937983,13/05/2021,Thames,SP 27566 04880,Yes,Category 4 (No Impact),Category 4 (No Impact),Category 2 (Significant),Oxfordshire County,West Oxfordshire District, 
1938423,14/05/2021,Yorkshire,SE 26232 30355,Yes,Category 3 (Minor),Category 2 (Significant),Category 4 (No Impact), ,Leeds District, 
1938687,15/05/2021,"Greater Manchester, Merseyside and Cheshire",SJ 92484 95496,Yes,Category 4 (No Impact),Category 1 (Major),Category 4 (No Impact), ,Tameside District, 
1938716,15/05/2021,Yorkshire,SE 41874 03062,Yes,Category 4 (No Impact),Category 4 (No Impact),Category 2 (Significant), ,Barnsley District, 
1938992,16/05/2021,East Anglia (Cambridgeshire and Bedfordshire),TL 52984 93593,Yes,Category 4 (No Impact),Category 4 (No Impact),Category 2 (Significant),Norfolk County,King's Lynn and West Norfolk District, 
1939534,17/05/2021,Yorkshire,SE 44419 02080,Yes,Category 3 (Minor),Category 2 (Significant),Category 4 (No Impact), ,Rotherham District, 
1939741,17/05/2021,North East,NU 07734 28631,Yes,Category 4 (No Impact),Category 3 (Minor),Category 2 (Significant),Northumberland County,Berwick-Upon-Tweed District, 
1939747,17/05/2021,Yorkshire,SE 09917 11370,Yes,Category 4 (No Impact),Category 4 (No Impact),Category 2 (Significant), ,Kirklees District, 
1940027,18/05/2021,Wessex,ST 75997 73696,Yes,Category 4 (No Impact),Category 4 (No Impact),Category 2 (Significant), , ,South Gloucestershire
1940041,18/05/2021,Cumbria and Lancashire,SD 37770 05851,Yes,Category 3 (Minor),Category 2 (Significant),Category 4 (No Impact),Lancashire County,West Lancashire District, 
1940341,18/05/2021,"West Midlands (Shropshire, Herefordshire, Worcestershire and Gloucestershire)",SO 34670 60038,Yes,Category 4 (No Impact),Category 4 (No Impact),Category 2 (Significant), , ,County of Herefordshire
1941086,19/05/2021,Yorkshire,SE 66293 13064,Yes,Category 4 (No Impact),Category 4 (No Impact),Category 2 (Significant), ,Doncaster District, 
1941955,21/05/2021,Hertfordshire and North London,TQ 48404 87637,Yes,Category 2 (Significant),Category 4 (No Impact),Category 4 (No Impact), ,Barking and Dagenham London Borough, 
1942000,21/05/2021,East Midlands,SK 42930 50820,Yes,Category 4 (No Impact),Category 2 (Significant),Category 4 (No Impact),Derbyshire County,Amber Valley District, 
1942724,22/05/2021,East Anglia (Cambridgeshire and Bedfordshire),TL 70830 99507,Yes,Category 4 (No Impact),Category 4 (No Impact),Category 2 (Significant),Norfolk County,King's Lynn and West Norfolk District, 
1942735,22/05/2021,East Anglia (Cambridgeshire and Bedfordshire),TL 70323 98845,Yes,Category 4 (No Impact),Category 4 (No Impact),Category 2 (Significant),Norfolk County,King's Lynn and West Norfolk District, 
1942886,23/05/2021,Wessex,ST 56828 19021,Yes,Category 4 (No Impact),Category 4 (No Impact),Category 2 (Significant),Somerset County,South Somerset District, 
1943118,24/05/2021,Cumbria and Lancashire,NX 97253 17566,Yes,Category 2 (Significant),Category 2 (Significant),Category 3 (Minor),Cumbria County,Copeland District, 
1943336,24/05/2021,Yorkshire,SE 73739 22838,Yes,Category 4 (No Impact),Category 4 (No Impact),Category 2 (Significant), , ,East Riding of Yorkshire
1943917,25/05/2021,Lincolnshire and Northamptonshire,SP 68019 53886,Yes,Category 3 (Minor),Category 3 (Minor),Category 2 (Significant),Northamptonshire County,South Northamptonshire District, 
1944901,27/05/2021,North East,NZ 21838 56576,Yes,Category 4 (No Impact),Category 4 (No Impact),Category 2 (Significant), ,Gateshead District, 
1944903,27/05/2021,Yorkshire,TA 02535 57772,Yes,Category 4 (No Impact),Category 4 (No Impact),Category 2 (Significant), , ,East Riding of Yorkshire
1944950,27/05/2021,Cumbria and Lancashire,SD 80834 32982,Yes,Category 4 (No Impact),Category 4 (No Impact),Category 2 (Significant),Lancashire County,Burnley District, 
1945504,28/05/2021,Yorkshire,SE 40448 03622,Yes,Category 4 (No Impact),Category 4 (No Impact),Category 2 (Significant), ,Barnsley District, 
1946930,31/05/2021,"Greater Manchester, Merseyside and Cheshire",SD 81128 27292,Yes,Category 4 (No Impact),Category 4 (No Impact),Category 2 (Significant),Lancashire County,Rossendale District, 
1947394,01/06/2021,"Kent, South London and East Sussex",TQ 82936 18886,Yes,Category 4 (No Impact),Category 4 (No Impact),Category 1 (Major),East Sussex County,Rother District, 
1947477,01/06/2021,Yorkshire,SE 26229 30308,Yes,Category 3 (Minor),Category 2 (Significant),Category 4 (No Impact), ,Leeds District, 
1949522,01/06/2021,"Greater Manchester, Merseyside and Cheshire",SJ 80278 48131,Yes,Category 1 (Major),Category 4 (No Impact),Category 4 (No Impact),Staffordshire County,Newcastle-under-Lyme District, 
1947532,01/06/2021,"West Midlands (Staffordshire, Warwickshire and West Midlands)",SP 05984 79355,Yes,Category 2 (Significant),Category 4 (No Impact),Category 4 (No Impact), ,Birmingham District, 
1947627,02/06/2021,Devon and Cornwall,SX 14844 86566,Yes,Category 2 (Significant),Category 4 (No Impact),Category 4 (No Impact),Cornwall County,North Cornwall District, 
1947632,02/06/2021,Yorkshire,SE 31533 30978,Yes,Category 2 (Significant),Category 4 (No Impact),Category 4 (No Impact), ,Leeds District, 
1947641,02/06/2021,Yorkshire,SE 53951 08992,Yes,Category 2 (Significant),Category 4 (No Impact),Category 4 (No Impact), ,Doncaster District, 
1947862,02/06/2021,East Midlands,SK 79369 68662,Yes,Category 2 (Significant),Category 4 (No Impact),Category 4 (No Impact),Nottinghamshire County,Bassetlaw District, 
1948491,03/06/2021,Thames,SU 85163 92494,Yes,Category 2 (Significant),Category 2 (Significant),Category 3 (Minor),Buckinghamshire County,Wycombe District, 
1948626,03/06/2021,Hertfordshire and North London,TQ 24637 95214,Yes,Category 4 (No Impact),Category 4 (No Impact),Category 2 (Significant), ,Barnet London Borough, 
1948670,03/06/2021,Devon and Cornwall,SX 14880 86553,Yes,Category 2 (Significant),Category 4 (No Impact),Category 4 (No Impact),Cornwall County,North Cornwall District, 
1948720,03/06/2021,East Anglia (Cambridgeshire and Bedfordshire),SP 62567 32593,Yes,Category 2 (Significant),Category 4 (No Impact),Category 4 (No Impact),Oxfordshire County,Cherwell District, 
1948865,04/06/2021,Yorkshire,SE 22482 34741,Yes,Category 2 (Significant),Category 4 (No Impact),Category 4 (No Impact), ,Leeds District, 
1948902,04/06/2021,Hertfordshire and North London,TQ 11190 88949,Yes,Category 4 (No Impact),Category 2 (Significant),Category 4 (No Impact), ,Hillingdon London Borough, 
1949279,04/06/2021,Yorkshire,SK 42742 70467,Yes,Category 2 (Significant),Category 4 (No Impact),Category 4 (No Impact),Derbyshire County,North East Derbyshire District, 
1949668,05/06/2021,East Anglia (Cambridgeshire and Bedfordshire),SP 96469 20376,Yes,Category 4 (No Impact),Category 4 (No Impact),Category 2 (Significant),Bedfordshire County,South Bedfordshire District, 
1950501,07/06/2021,Yorkshire,SE 00833 25593,Yes,Category 4 (No Impact),Category 4 (No Impact),Category 2 (Significant), ,Calderdale District, 
1950711,07/06/2021,North East,NZ 44270 23620,Yes,Category 4 (No Impact),Category 2 (Significant),Category 4 (No Impact), , ,Stockton-On-Tees
1950803,07/06/2021,"West Midlands (Shropshire, Herefordshire, Worcestershire and Gloucestershire)",SO 54508 50264,Yes,Category 4 (No Impact),Category 4 (No Impact),Category 2 (Significant), , ,County of Herefordshire
1951036,08/06/2021,North East,NZ 27366 63797,Yes,Category 2 (Significant),Category 4 (No Impact),Category 4 (No Impact), ,Newcastle Upon Tyne District, 
1951117,08/06/2021,Yorkshire,SD 99638 51733,Yes,Category 4 (No Impact),Category 4 (No Impact),Category 2 (Significant),North Yorkshire County,Craven District, 
1951118,08/06/2021,Wessex,ST 60286 69854,Yes,Category 4 (No Impact),Category 4 (No Impact),Category 2 (Significant), , ,City of Bristol
1961348,08/06/2021,Hertfordshire and North London,TQ 09866 75327,Yes,Category 3 (Minor),Category 2 (Significant),Category 3 (Minor), ,Hounslow London Borough, 
1951672,09/06/2021,East Midlands,SK 81991 52875,Yes,Category 4 (No Impact),Category 2 (Significant),Category 3 (Minor),Nottinghamshire County,Newark and Sherwood District, 
1951801,09/06/2021,Cumbria and Lancashire,SD 88291 36574,Yes,Category 3 (Minor),Category 2 (Significant),Category 2 (Significant),Lancashire County,Pendle District, 
1952016,09/06/2021,Wessex,ST 62186 71009,Yes,Category 4 (No Impact),Category 4 (No Impact),Category 2 (Significant), , ,City of Bristol
1952172,10/06/2021,Yorkshire,SK 34783 72535,Yes,Category 4 (No Impact),Category 4 (No Impact),Category 2 (Significant),Derbyshire County,North East Derbyshire District, 
1952420,10/06/2021,Hertfordshire and North London,TQ 13194 85641,Yes,Category 4 (No Impact),Category 4 (No Impact),Category 2 (Significant), ,Harrow London Borough, 
1952638,11/06/2021,Cumbria and Lancashire,SD 75872 28148,Yes,Category 4 (No Impact),Category 4 (No Impact),Category 2 (Significant),Lancashire County,Hyndburn District, 
1952774,11/06/2021,Hertfordshire and North London,TQ 13592 86573,Yes,Category 4 (No Impact),Category 4 (No Impact),Category 2 (Significant), ,Harrow London Borough, 
1953317,12/06/2021,"East Anglia (Essex, Norfolk and Suffolk)",TM 35913 41030,Yes,Category 4 (No Impact),Category 4 (No Impact),Category 1 (Major),Suffolk County,Suffolk Coastal District, 
1954583,15/06/2021,Solent and South Downs,SU 36655 15347,Yes,Category 4 (No Impact),Category 4 (No Impact),Category 1 (Major),Hampshire County,Test Valley District, 
1955009,15/06/2021,East Anglia (Cambridgeshire and Bedfordshire),TL 74146 82037,Yes,Category 4 (No Impact),Category 4 (No Impact),Category 2 (Significant),Suffolk County,Forest Heath District, 
1955505,16/06/2021,Yorkshire,SE 21693 42336,Yes,Category 1 (Major),Category 4 (No Impact),Category 4 (No Impact), ,Leeds District, 
1955745,16/06/2021,Cumbria and Lancashire,SD 51854 61726,Yes,Category 4 (No Impact),Category 3 (Minor),Category 2 (Significant),Lancashire County,Lancaster District, 
1955785,17/06/2021,"Kent, South London and East Sussex",TR 38414 71601,Yes,Category 4 (No Impact),Category 1 (Major),Category 1 (Major),Kent County,Thanet District, 
1956314,17/06/2021,Wessex,ST 66068 77319,Yes,Category 4 (No Impact),Category 4 (No Impact),Category 2 (Significant), , ,South Gloucestershire
1956446,17/06/2021,Thames,SU 71286 71503,Yes,Category 4 (No Impact),Category 4 (No Impact),Category 1 (Major), , ,Reading
1956699,18/06/2021,Thames,SP 43787 43696,Yes,Category 4 (No Impact),Category 4 (No Impact),Category 2 (Significant),Oxfordshire County,Cherwell District, 
1957299,19/06/2021,"East Anglia (Essex, Norfolk and Suffolk)",TM 14689 78559,Yes,Category 4 (No Impact),Category 4 (No Impact),Category 2 (Significant),Suffolk County,Mid Suffolk District, 
1957312,19/06/2021,Thames,SU 13389 85893,Yes,Category 4 (No Impact),Category 4 (No Impact),Category 1 (Major), , ,Swindon
1957329,19/06/2021,"East Anglia (Essex, Norfolk and Suffolk)",TM 04809 51868,Yes,Category 4 (No Impact),Category 4 (No Impact),Category 1 (Major),Suffolk County,Mid Suffolk District, 
1957340,19/06/2021,Yorkshire,SE 19366 40848,Yes,Category 2 (Significant),Category 4 (No Impact),Category 4 (No Impact), ,Leeds District, 
1957656,20/06/2021,Lincolnshire and Northamptonshire,TF 34448 53235,Yes,Category 4 (No Impact),Category 4 (No Impact),Category 1 (Major),Lincolnshire County,East Lindsey District, 
1957834,21/06/2021,"Kent, South London and East Sussex",TQ 48841 74133,Yes,Category 4 (No Impact),Category 4 (No Impact),Category 1 (Major), ,Bexley London Borough, 
1958102,21/06/2021,Devon and Cornwall,SS 56150 33934,Yes,Category 4 (No Impact),Category 3 (Minor),Category 2 (Significant),Devon County,North Devon District, 
1958426,22/06/2021,Cumbria and Lancashire,SD 40552 60693,Yes,Category 4 (No Impact),Category 2 (Significant),Category 2 (Significant),Lancashire County,Lancaster District, 
1958637,22/06/2021,Thames,SP 73963 07686,Yes,Category 4 (No Impact),Category 4 (No Impact),Category 2 (Significant),Buckinghamshire County,Aylesbury Vale District, 
1958653,22/06/2021,Yorkshire,SE 19416 40866,Yes,Category 2 (Significant),Category 4 (No Impact),Category 4 (No Impact), ,Leeds District, 
1958776,23/06/2021,"East Anglia (Essex, Norfolk and Suffolk)",TL 97670 01221,Yes,Category 4 (No Impact),Category 4 (No Impact),Category 2 (Significant),Essex County,Maldon District, 
1959508,24/06/2021,Lincolnshire and Northamptonshire,SP 83441 81618,Yes,Category 4 (No Impact),Category 2 (Significant),Category 4 (No Impact),Northamptonshire County,Kettering District, 
1959561,24/06/2021,North East,NZ 26064 74223,Yes,Category 2 (Significant),Category 4 (No Impact),Category 4 (No Impact), ,North Tyneside District, 
1959591,24/06/2021,Lincolnshire and Northamptonshire,SP 72174 63153,Yes,Category 4 (No Impact),Category 4 (No Impact),Category 2 (Significant),Northamptonshire County,Northampton District, 
1960130,25/06/2021,East Midlands,SE 75364 08818,Yes,Category 4 (No Impact),Category 4 (No Impact),Category 2 (Significant), , ,North Lincolnshire
1960549,27/06/2021,East Anglia (Cambridgeshire and Bedfordshire),TL 18773 30685,Yes,Category 4 (No Impact),Category 4 (No Impact),Category 2 (Significant),Bedfordshire County,Mid Bedfordshire District, 
1960750,28/06/2021,Cumbria and Lancashire,NY 38898 16414,Yes,Category 4 (No Impact),Category 4 (No Impact),Category 2 (Significant),Cumbria County,Eden District, 
1960945,28/06/2021,"Kent, South London and East Sussex",TQ 75206 54860,Yes,Category 4 (No Impact),Category 4 (No Impact),Category 1 (Major),Kent County,Maidstone District, 
1961209,29/06/2021,"Greater Manchester, Merseyside and Cheshire",SD 89361 06451,Yes,Category 4 (No Impact),Category 4 (No Impact),Category 2 (Significant), ,Oldham District, 
1961446,29/06/2021,"West Midlands (Staffordshire, Warwickshire and West Midlands)",SP 03555 68540,Yes,Category 4 (No Impact),Category 4 (No Impact),Category 2 (Significant),Worcestershire County,Redditch District, 
1961779,30/06/2021,Yorkshire,TA 09753 31556,Yes,Category 2 (Significant),Category 2 (Significant),Category 4 (No Impact), , ,City of Kingston Upon Hull
1962140,01/07/2021,Yorkshire,SE 31533 30980,Yes,Category 1 (Major),Category 4 (No Impact),Category 4 (No Impact), ,Leeds District, 
1962168,01/07/2021,Yorkshire,SE 18811 38930,Yes,Category 2 (Significant),Category 4 (No Impact),Category 4 (No Impact), ,Bradford District, 
1962302,01/07/2021,Yorkshire,TA 01931 29225,Yes,Category 2 (Significant),Category 4 (No Impact),Category 4 (No Impact), , ,East Riding of Yorkshire
1962380,01/07/2021,East Anglia (Cambridgeshire and Bedfordshire),TF 89954 00904,Yes,Category 4 (No Impact),Category 4 (No Impact),Category 2 (Significant),Norfolk County,Breckland District, 
1962557,01/07/2021,East Anglia (Cambridgeshire and Bedfordshire),SP 62803 32600,Yes,Category 2 (Significant),Category 4 (No Impact),Category 4 (No Impact),Oxfordshire County,Cherwell District, 
1962603,02/07/2021,Hertfordshire and North London,TQ 03513 91733,Yes,Category 3 (Minor),Category 2 (Significant),Category 4 (No Impact),Hertfordshire County,Three Rivers District, 
1962810,02/07/2021,Yorkshire,SE 22490 34737,Yes,Category 2 (Significant),Category 4 (No Impact),Category 4 (No Impact), ,Leeds District, 
1962822,02/07/2021,Yorkshire,SE 19409 40887,Yes,Category 2 (Significant),Category 4 (No Impact),Category 4 (No Impact), ,Leeds District, 
1962824,02/07/2021,Devon and Cornwall,SX 08315 67227,Yes,Category 2 (Significant),Category 4 (No Impact),Category 4 (No Impact),Cornwall County,North Cornwall District, 
1962913,02/07/2021,Yorkshire,SK 42663 70446,Yes,Category 2 (Significant),Category 4 (No Impact),Category 4 (No Impact),Derbyshire County,North East Derbyshire District, 
1963245,03/07/2021,"West Midlands (Staffordshire, Warwickshire and West Midlands)",SJ 89126 40754,Yes,Category 2 (Significant),Category 4 (No Impact),Category 4 (No Impact), , ,City of Stoke-On-Trent
1963542,04/07/2021,Wessex,ST 37636 47943,Yes,Category 4 (No Impact),Category 4 (No Impact),Category 1 (Major),Somerset County,Sedgemoor District, 
1963867,05/07/2021,Yorkshire,SE 16923 28580,Yes,Category 4 (No Impact),Category 4 (No Impact),Category 2 (Significant), ,Bradford District, 
1963875,05/07/2021,Devon and Cornwall,SX 16892 86662,Yes,Category 4 (No Impact),Category 4 (No Impact),Category 2 (Significant),Cornwall County,North Cornwall District, 
1964019,06/07/2021,Wessex,ST 61656 18809,Yes,Category 4 (No Impact),Category 4 (No Impact),Category 2 (Significant),Dorset County,West Dorset District, 
1964584,07/07/2021,East Anglia (Cambridgeshire and Bedfordshire),TL 32330 96446,Yes,Category 4 (No Impact),Category 2 (Significant),Category 4 (No Impact),Cambridgeshire County,Fenland District, 
1964738,07/07/2021,East Midlands,SK 59270 16328,Yes,Category 4 (No Impact),Category 4 (No Impact),Category 2 (Significant),Leicestershire County,Charnwood District, 
1965394,09/07/2021,Devon and Cornwall,SX 47163 53680,Yes,Category 4 (No Impact),Category 2 (Significant),Category 3 (Minor), , ,City of Plymouth
1965689,09/07/2021,"West Midlands (Staffordshire, Warwickshire and West Midlands)",SP 05984 79355,Yes,Category 2 (Significant),Category 4 (No Impact),Category 4 (No Impact), ,Birmingham District, 
1966620,12/07/2021,"East Anglia (Essex, Norfolk and Suffolk)",TM 14943 44985,Yes,Category 1 (Major),Category 4 (No Impact),Category 4 (No Impact),Suffolk County,Ipswich District, 
1966648,12/07/2021,Thames,SU 99625 66100,Yes,Category 2 (Significant),Category 4 (No Impact),Category 4 (No Impact),Surrey County,Runnymede District, 
1967061,13/07/2021,Hertfordshire and North London,TQ 27632 86925,Yes,Category 4 (No Impact),Category 4 (No Impact),Category 2 (Significant), ,Camden London Borough, 
1967140,13/07/2021,Lincolnshire and Northamptonshire,TF 56865 65937,Yes,Category 4 (No Impact),Category 4 (No Impact),Category 2 (Significant),Lincolnshire County,East Lindsey District, 
1967181,13/07/2021,Lincolnshire and Northamptonshire,TA 10383 02009,Yes,Category 3 (Minor),Category 2 (Significant),Category 4 (No Impact),Lincolnshire County,West Lindsey District, 
1972757,14/07/2021,"West Midlands (Staffordshire, Warwickshire and West Midlands)",SJ 82852 45991,Yes,Category 1 (Major),Category 4 (No Impact),Category 4 (No Impact),Staffordshire County,Newcastle-under-Lyme District, 
1967804,14/07/2021,Thames,TQ 03432 60986,Yes,Category 4 (No Impact),Category 4 (No Impact),Category 2 (Significant),Surrey County,Woking District, 
1967952,15/07/2021,"West Midlands (Staffordshire, Warwickshire and West Midlands)",SK 25329 24200,Yes,Category 3 (Minor),Category 2 (Significant),Category 3 (Minor),Staffordshire County,East Staffordshire District, 
1968692,16/07/2021,Thames,SU 08780 95367,Yes,Category 4 (No Impact),Category 3 (Minor),Category 2 (Significant),Wiltshire County,North Wiltshire District, 
1968760,16/07/2021,"Kent, South London and East Sussex",TQ 50158 68494,Yes,Category 4 (No Impact),Category 2 (Significant),Category 4 (No Impact), ,Bromley London Borough, 
1969464,18/07/2021,Devon and Cornwall,SW 67105 38935,Yes,Category 4 (No Impact),Category 4 (No Impact),Category 2 (Significant),Cornwall County,Kerrier District, 
1969884,19/07/2021,North East,NZ 40828 56756,Yes,Category 2 (Significant),Category 3 (Minor),Category 4 (No Impact), ,Sunderland District, 
1970594,20/07/2021,"East Anglia (Essex, Norfolk and Suffolk)",TG 25172 07903,Yes,Category 4 (No Impact),Category 4 (No Impact),Category 2 (Significant),Norfolk County,South Norfolk District, 
1978879,22/07/2021,Wessex,ST 14954 21865,Yes,Category 2 (Significant),Category 3 (Minor),Category 3 (Minor),Somerset County,Taunton Deane District, 
1972444,23/07/2021,Cumbria and Lancashire,SD 51581 90705,Yes,Category 4 (No Impact),Category 4 (No Impact),Category 1 (Major),Cumbria County,South Lakeland District, 
1972990,24/07/2021,Devon and Cornwall,SY 01884 89691,Yes,Category 4 (No Impact),Category 4 (No Impact),Category 2 (Significant),Devon County,East Devon District, 
1973025,24/07/2021,"West Midlands (Shropshire, Herefordshire, Worcestershire and Gloucestershire)",SO 90422 33471,Yes,Category 4 (No Impact),Category 4 (No Impact),Category 2 (Significant),Gloucestershire County,Tewkesbury District, 
1973073,24/07/2021,"Greater Manchester, Merseyside and Cheshire",SJ 77792 93473,Yes,Category 4 (No Impact),Category 4 (No Impact),Category 2 (Significant), ,Trafford District, 
1974179,27/07/2021,Thames,SP 82263 15437,Yes,Category 4 (No Impact),Category 4 (No Impact),Category 2 (Significant),Buckinghamshire County,Aylesbury Vale District, 
1974188,27/07/2021,Wessex,SY 67685 79702,Yes,Category 4 (No Impact),Category 4 (No Impact),Category 2 (Significant),Dorset County,Weymouth and Portland District, 
1974996,28/07/2021,East Midlands,SK 40503 55040,Yes,Category 4 (No Impact),Category 4 (No Impact),Category 2 (Significant),Derbyshire County,Amber Valley District, 
1975187,28/07/2021,Solent and South Downs,TQ 78483 08646,Yes,Category 4 (No Impact),Category 2 (Significant),Category 2 (Significant),East Sussex County,Hastings District, 
1975193,28/07/2021,East Anglia (Cambridgeshire and Bedfordshire),SP 60144 36076,Yes,Category 4 (No Impact),Category 4 (No Impact),Category 2 (Significant),Buckinghamshire County,Aylesbury Vale District, 
1975356,29/07/2021,North East,NZ 44869 18389,Yes,Category 4 (No Impact),Category 4 (No Impact),Category 2 (Significant), , ,Stockton-On-Tees
1975814,30/07/2021,Thames,SP 60127 23256,Yes,Category 4 (No Impact),Category 4 (No Impact),Category 2 (Significant),Oxfordshire County,Cherwell District, 
1976633,01/08/2021,"West Midlands (Staffordshire, Warwickshire and West Midlands)",SJ 82856 45983,Yes,Category 1 (Major),Category 4 (No Impact),Category 4 (No Impact),Staffordshire County,Newcastle-under-Lyme District, 
1976725,01/08/2021,Yorkshire,TA 01711 30161,Yes,Category 2 (Significant),Category 4 (No Impact),Category 4 (No Impact), , ,East Riding of Yorkshire
1976768,01/08/2021,Yorkshire,SE 18803 38927,Yes,Category 2 (Significant),Category 4 (No Impact),Category 4 (No Impact), ,Bradford District, 
1976937,02/08/2021,Thames,TQ 00034 66643,Yes,Category 2 (Significant),Category 4 (No Impact),Category 4 (No Impact),Surrey County,Runnymede District, 
1976818,02/08/2021,Cumbria and Lancashire,SD 38150 87110,Yes,Category 4 (No Impact),Category 4 (No Impact),Category 2 (Significant),Cumbria County,South Lakeland District, 
1976853,02/08/2021,Yorkshire,SK 42727 71169,Yes,Category 2 (Significant),Category 4 (No Impact),Category 4 (No Impact),Derbyshire County,North East Derbyshire District, 
1976910,02/08/2021,Lincolnshire and Northamptonshire,SP 73938 86155,Yes,Category 4 (No Impact),Category 4 (No Impact),Category 2 (Significant),Leicestershire County,Harborough District, 
1977033,02/08/2021,East Anglia (Cambridgeshire and Bedfordshire),TL 21133 69321,Yes,Category 2 (Significant),Category 4 (No Impact),Category 4 (No Impact),Cambridgeshire County,Huntingdonshire District, 
1977463,03/08/2021,Yorkshire,SE 19409 40870,Yes,Category 2 (Significant),Category 4 (No Impact),Category 4 (No Impact), ,Leeds District, 
1977518,03/08/2021,Hertfordshire and North London,TL 02248 23839,Yes,Category 4 (No Impact),Category 4 (No Impact),Category 2 (Significant),Bedfordshire County,South Bedfordshire District, 
1977549,03/08/2021,"Greater Manchester, Merseyside and Cheshire",SJ 50873 77277,Yes,Category 4 (No Impact),Category 2 (Significant),Category 4 (No Impact),Cheshire County,Vale Royal District, 
1977662,03/08/2021,Yorkshire,SE 66260 21030,Yes,Category 4 (No Impact),Category 4 (No Impact),Category 2 (Significant), , ,East Riding of Yorkshire
1977909,04/08/2021,Devon and Cornwall,SX 94720 89167,Yes,Category 2 (Significant),Category 4 (No Impact),Category 4 (No Impact),Devon County,Exeter District, 
1978009,04/08/2021,Devon and Cornwall,SX 15194 87006,Yes,Category 4 (No Impact),Category 4 (No Impact),Category 1 (Major),Cornwall County,North Cornwall District, 
1978280,04/08/2021,Hertfordshire and North London,TQ 33625 92776,Yes,Category 4 (No Impact),Category 4 (No Impact),Category 2 (Significant), ,Enfield London Borough, 
1978631,05/08/2021,Devon and Cornwall,SX 89524 86804,Yes,Category 2 (Significant),Category 4 (No Impact),Category 2 (Significant),Devon County,Teignbridge District, 
1978707,05/08/2021,Yorkshire,SE 22474 34747,Yes,Category 2 (Significant),Category 4 (No Impact),Category 4 (No Impact), ,Leeds District, 
1978788,05/08/2021,"West Midlands (Staffordshire, Warwickshire and West Midlands)",SK 07949 49372,Yes,Category 2 (Significant),Category 4 (No Impact),Category 4 (No Impact),Staffordshire County,Staffordshire Moorlands District, 
1979374,06/08/2021,"Kent, South London and East Sussex",TR 13440 67290,Yes,Category 4 (No Impact),Category 4 (No Impact),Category 1 (Major),Kent County,Canterbury District, 
1980193,10/08/2021,"West Midlands (Staffordshire, Warwickshire and West Midlands)",SP 15964 51917,Yes,Category 4 (No Impact),Category 4 (No Impact),Category 2 (Significant),Warwickshire County,Stratford-On-Avon District, 
1980513,10/08/2021,Devon and Cornwall,SY 01992 89766,Yes,Category 4 (No Impact),Category 3 (Minor),Category 2 (Significant),Devon County,East Devon District, 
1980785,11/08/2021,East Anglia (Cambridgeshire and Bedfordshire),TL 25495 46682,Yes,Category 4 (No Impact),Category 4 (No Impact),Category 2 (Significant),Bedfordshire County,Mid Bedfordshire District, 
1980914,11/08/2021,"West Midlands (Shropshire, Herefordshire, Worcestershire and Gloucestershire)",SO 62696 89968,Yes,Category 4 (No Impact),Category 4 (No Impact),Category 2 (Significant),Shropshire County,Bridgnorth District, 
1980957,11/08/2021,Cumbria and Lancashire,SD 52076 22290,Yes,Category 4 (No Impact),Category 4 (No Impact),Category 2 (Significant),Lancashire County,South Ribble District, 
1981069,11/08/2021,"Kent, South London and East Sussex",TR 09970 29062,Yes,Category 4 (No Impact),Category 4 (No Impact),Category 2 (Significant),Kent County,Shepway District, 
1981237,12/08/2021,East Midlands,SK 34972 32557,Yes,Category 4 (No Impact),Category 4 (No Impact),Category 1 (Major), , ,City of Derby
1981246,12/08/2021,Devon and Cornwall,SX 77002 65338,Yes,Category 4 (No Impact),Category 4 (No Impact),Category 1 (Major),Devon County,South Hams District, 
1981854,13/08/2021,East Midlands,SK 50415 82294,Yes,Category 4 (No Impact),Category 2 (Significant),Category 3 (Minor), ,Rotherham District, 
1981989,13/08/2021,Yorkshire,SE 14204 11973,Yes,Category 4 (No Impact),Category 4 (No Impact),Category 2 (Significant), ,Kirklees District, 
1982423,15/08/2021,East Anglia (Cambridgeshire and Bedfordshire),SP 73355 47083,Yes,Category 4 (No Impact),Category 4 (No Impact),Category 2 (Significant),Northamptonshire County,South Northamptonshire District, 
1982557,16/08/2021,Yorkshire,SE 43156 37323,Yes,Category 4 (No Impact),Category 4 (No Impact),Category 2 (Significant), ,Leeds District, 
1982883,16/08/2021,"West Midlands (Staffordshire, Warwickshire and West Midlands)",SP 05984 79355,Yes,Category 2 (Significant),Category 4 (No Impact),Category 4 (No Impact), ,Birmingham District, 
1983215,17/08/2021,Devon and Cornwall,SX 44891 76854,Yes,Category 4 (No Impact),Category 4 (No Impact),Category 2 (Significant),Devon County,West Devon District, 
1983466,18/08/2021,Cumbria and Lancashire,SD 36547 95242,Yes,Category 4 (No Impact),Category 4 (No Impact),Category 2 (Significant),Cumbria County,South Lakeland District, 
1983601,18/08/2021,"West Midlands (Shropshire, Herefordshire, Worcestershire and Gloucestershire)",SO 79942 13830,Yes,Category 4 (No Impact),Category 4 (No Impact),Category 1 (Major),Gloucestershire County,Stroud District, 
1983934,19/08/2021,"West Midlands (Staffordshire, Warwickshire and West Midlands)",SP 32332 84335,Yes,Category 3 (Minor),Category 3 (Minor),Category 2 (Significant), ,Coventry District, 
1984135,20/08/2021,Lincolnshire and Northamptonshire,TA 04610 23400,Yes,Category 4 (No Impact),Category 4 (No Impact),Category 2 (Significant), , ,North Lincolnshire
1984225,20/08/2021,"East Anglia (Essex, Norfolk and Suffolk)",TG 25701 12198,Yes,Category 4 (No Impact),Category 4 (No Impact),Category 2 (Significant),Norfolk County,Broadland District, 
1984377,20/08/2021,Hertfordshire and North London,TQ 09799 79586,Yes,Category 4 (No Impact),Category 4 (No Impact),Category 2 (Significant), ,Hillingdon London Borough, 
1984516,21/08/2021,Lincolnshire and Northamptonshire,SP 76653 82997,Yes,Category 3 (Minor),Category 2 (Significant),Category 2 (Significant),Northamptonshire County,Kettering District, 
1984566,21/08/2021,Yorkshire,SE 61579 58094,Yes,Category 3 (Minor),Category 2 (Significant),Category 2 (Significant), , ,York
1984696,22/08/2021,"West Midlands (Shropshire, Herefordshire, Worcestershire and Gloucestershire)",SO 81175 71267,Yes,Category 4 (No Impact),Category 4 (No Impact),Category 2 (Significant),Worcestershire County,Wyre Forest District, 
1984701,22/08/2021,Yorkshire,SK 42992 74694,Yes,Category 4 (No Impact),Category 4 (No Impact),Category 2 (Significant),Derbyshire County,Chesterfield District, 
1984716,22/08/2021,"West Midlands (Shropshire, Herefordshire, Worcestershire and Gloucestershire)",SO 81172 71256,Yes,Category 4 (No Impact),Category 4 (No Impact),Category 2 (Significant),Worcestershire County,Wyre Forest District, 
1984783,22/08/2021,Devon and Cornwall,SX 50684 99076,Yes,Category 3 (Minor),Category 2 (Significant),Category 3 (Minor),Devon County,West Devon District, 
1984800,22/08/2021,"Kent, South London and East Sussex",TR 18070 68100,Yes,Category 4 (No Impact),Category 2 (Significant),Category 4 (No Impact),Kent County,Canterbury District, 
1984958,23/08/2021,"West Midlands (Staffordshire, Warwickshire and West Midlands)",SK 01473 43885,Yes,Category 4 (No Impact),Category 4 (No Impact),Category 2 (Significant),Staffordshire County,Staffordshire Moorlands District, 
1984964,23/08/2021,Yorkshire,SE 60881 52035,Yes,Category 3 (Minor),Category 4 (No Impact),Category 2 (Significant), , ,York
1985071,23/08/2021,"Kent, South London and East Sussex",TR 11297 66800,Yes,Category 4 (No Impact),Category 4 (No Impact),Category 2 (Significant),Kent County,Canterbury District, 
1985604,24/08/2021,Lincolnshire and Northamptonshire,TF 52433 82187,Yes,Category 4 (No Impact),Category 4 (No Impact),Category 2 (Significant),Lincolnshire County,East Lindsey District, 
1985803,25/08/2021,Lincolnshire and Northamptonshire,TA 10566 03266,Yes,Category 4 (No Impact),Category 4 (No Impact),Category 2 (Significant),Lincolnshire County,West Lindsey District, 
1985850,25/08/2021,"West Midlands (Staffordshire, Warwickshire and West Midlands)",SP 33160 84134,Yes,Category 4 (No Impact),Category 4 (No Impact),Category 2 (Significant),Warwickshire County,Nuneaton and Bedworth District, 
1986547,27/08/2021,Wessex,ST 62734 81489,Yes,Category 4 (No Impact),Category 3 (Minor),Category 1 (Major), , ,South Gloucestershire
1986550,27/08/2021,"West Midlands (Staffordshire, Warwickshire and West Midlands)",SP 31348 64315,Yes,Category 2 (Significant),Category 3 (Minor),Category 3 (Minor),Warwickshire County,Warwick District, 
1986626,27/08/2021,Devon and Cornwall,SW 85880 54695,Yes,Category 4 (No Impact),Category 4 (No Impact),Category 2 (Significant),Cornwall County,Carrick District, 
1986949,28/08/2021,Devon and Cornwall,SW 98741 68199,Yes,Category 4 (No Impact),Category 3 (Minor),Category 2 (Significant),Cornwall County,North Cornwall District, 
1987075,29/08/2021,Devon and Cornwall,SW 83915 63459,Yes,Category 4 (No Impact),Category 4 (No Impact),Category 1 (Major),Cornwall County,Restormel District, 
1987139,29/08/2021,Wessex,SZ 08880 99206,Yes,Category 3 (Minor),Category 2 (Significant),Category 4 (No Impact),Dorset County,East Dorset District, 
1987359,30/08/2021,"West Midlands (Staffordshire, Warwickshire and West Midlands)",SP 15367 45906,Yes,Category 2 (Significant),Category 2 (Significant),Category 4 (No Impact),Worcestershire County,Wychavon District, 
1987746,01/09/2021,"West Midlands (Staffordshire, Warwickshire and West Midlands)",SJ 82855 45984,Yes,Category 1 (Major),Category 4 (No Impact),Category 4 (No Impact),Staffordshire County,Newcastle-under-Lyme District, 
1987844,01/09/2021,North East,NZ 30080 55369,Yes,Category 4 (No Impact),Category 4 (No Impact),Category 1 (Major), ,Sunderland District, 
1987918,01/09/2021,Yorkshire,SK 39998 76300,Yes,Category 4 (No Impact),Category 4 (No Impact),Category 2 (Significant),Derbyshire County,North East Derbyshire District, 
1987998,01/09/2021,Thames,SU 96775 80350,Yes,Category 4 (No Impact),Category 4 (No Impact),Category 1 (Major), , ,Slough
1988070,02/09/2021,"West Midlands (Staffordshire, Warwickshire and West Midlands)",SP 05984 79355,Yes,Category 2 (Significant),Category 4 (No Impact),Category 4 (No Impact), ,Birmingham District, 
1988177,02/09/2021,Yorkshire,SE 14311 15862,Yes,Category 4 (No Impact),Category 4 (No Impact),Category 1 (Major), ,Kirklees District, 
1988258,02/09/2021,Lincolnshire and Northamptonshire,SP 71560 64977,Yes,Category 4 (No Impact),Category 3 (Minor),Category 2 (Significant),Northamptonshire County,Daventry District, 
1988309,02/09/2021,Devon and Cornwall,SX 23168 66080,Yes,Category 4 (No Impact),Category 4 (No Impact),Category 2 (Significant),Cornwall County,Caradon District, 
1988346,02/09/2021,Yorkshire,SE 22469 34755,Yes,Category 2 (Significant),Category 4 (No Impact),Category 4 (No Impact), ,Leeds District, 
1988403,03/09/2021,Solent and South Downs,TQ 17453 30652,Yes,Category 4 (No Impact),Category 2 (Significant),Category 4 (No Impact),West Sussex County,Horsham District, 
1988516,03/09/2021,Yorkshire,SE 18803 38935,Yes,Category 2 (Significant),Category 4 (No Impact),Category 4 (No Impact), ,Bradford District, 
1988613,03/09/2021,Thames,SP 46981 40147,Yes,Category 4 (No Impact),Category 4 (No Impact),Category 2 (Significant),Oxfordshire County,Cherwell District, 
1988698,03/09/2021,"West Midlands (Staffordshire, Warwickshire and West Midlands)",SK 19315 53338,Yes,Category 2 (Significant),Category 3 (Minor),Category 4 (No Impact),Derbyshire County,Derbyshire Dales District, 
1988823,04/09/2021,"Kent, South London and East Sussex",TQ 36196 48154,Yes,Category 4 (No Impact),Category 4 (No Impact),Category 2 (Significant),Surrey County,Tandridge District, 
1988844,04/09/2021,Devon and Cornwall,SS 35239 20702,Yes,Category 4 (No Impact),Category 4 (No Impact),Category 1 (Major),Devon County,Torridge District, 
1988920,05/09/2021,"Kent, South London and East Sussex",TQ 90049 67783,Yes,Category 4 (No Impact),Category 4 (No Impact),Category 2 (Significant),Kent County,Swale District, 
1988966,05/09/2021,East Anglia (Cambridgeshire and Bedfordshire),TL 21034 69444,Yes,Category 2 (Significant),Category 4 (No Impact),Category 4 (No Impact),Cambridgeshire County,Huntingdonshire District, 
1989050,05/09/2021,East Anglia (Cambridgeshire and Bedfordshire),SP 62617 32618,Yes,Category 2 (Significant),Category 4 (No Impact),Category 4 (No Impact),Oxfordshire County,Cherwell District, 
1989153,06/09/2021,"West Midlands (Staffordshire, Warwickshire and West Midlands)",SK 00253 09734,Yes,Category 2 (Significant),Category 4 (No Impact),Category 4 (No Impact),Staffordshire County,Cannock Chase District, 
1989279,06/09/2021,Thames,SP 48710 09702,Yes,Category 4 (No Impact),Category 4 (No Impact),Category 2 (Significant),Oxfordshire County,Oxford District, 
1989491,06/09/2021,Thames,SP 49570 52910,Yes,Category 4 (No Impact),Category 4 (No Impact),Category 2 (Significant),Northamptonshire County,South Northamptonshire District, 
1989586,06/09/2021,Thames,SU 89449 71417,Yes,Category 4 (No Impact),Category 4 (No Impact),Category 2 (Significant), , ,Bracknell Forest
1990324,08/09/2021,Yorkshire,SK 46335 98000,Yes,Category 2 (Significant),Category 4 (No Impact),Category 4 (No Impact), ,Rotherham District, 
1990337,08/09/2021,Devon and Cornwall,SS 77139 17125,Yes,Category 4 (No Impact),Category 3 (Minor),Category 2 (Significant),Devon County,North Devon District, 
1990655,08/09/2021,"West Midlands (Shropshire, Herefordshire, Worcestershire and Gloucestershire)",SO 82761 76626,Yes,Category 2 (Significant),Category 2 (Significant),Category 2 (Significant),Worcestershire County,Wyre Forest District, 
1990932,09/09/2021,"Kent, South London and East Sussex",TQ 87050 65916,Yes,Category 3 (Minor),Category 2 (Significant),Category 3 (Minor),Kent County,Swale District, 
2008570,09/09/2021,East Anglia (Cambridgeshire and Bedfordshire),TF 67630 20271,Yes,Category 4 (No Impact),Category 3 (Minor),Category 2 (Significant),Norfolk County,King's Lynn and West Norfolk District, 
1991351,10/09/2021,Yorkshire,SE 19454 40871,Yes,Category 2 (Significant),Category 4 (No Impact),Category 4 (No Impact), ,Leeds District, 
1991640,10/09/2021,Yorkshire,SE 24825 21164,Yes,Category 2 (Significant),Category 2 (Significant),Category 4 (No Impact), ,Kirklees District, 
1992112,12/09/2021,"Kent, South London and East Sussex",TQ 34553 70922,Yes,Category 4 (No Impact),Category 4 (No Impact),Category 1 (Major), ,Bromley London Borough, 
1992257,13/09/2021,"West Midlands (Shropshire, Herefordshire, Worcestershire and Gloucestershire)",SO 90581 23127,Yes,Category 4 (No Impact),Category 4 (No Impact),Category 2 (Significant),Gloucestershire County,Tewkesbury District, 
1992989,15/09/2021,Devon and Cornwall,SW 95704 55215,Yes,Category 4 (No Impact),Category 4 (No Impact),Category 2 (Significant),Cornwall County,Restormel District, 
1993230,15/09/2021,North East,NZ 27266 42850,Yes,Category 2 (Significant),Category 3 (Minor),Category 4 (No Impact),Durham County,Durham District, 
1993305,15/09/2021,"Greater Manchester, Merseyside and Cheshire",SK 00467 86264,Yes,Category 2 (Significant),Category 4 (No Impact),Category 4 (No Impact),Derbyshire County,High Peak District, 
1993458,16/09/2021,Cumbria and Lancashire,SD 84657 30399,Yes,Category 2 (Significant),Category 3 (Minor),Category 3 (Minor),Lancashire County,Burnley District, 
1994067,16/09/2021,East Anglia (Cambridgeshire and Bedfordshire),TF 61130 21632,Yes,Category 3 (Minor),Category 3 (Minor),Category 2 (Significant),Norfolk County,King's Lynn and West Norfolk District, 
1994126,17/09/2021,"West Midlands (Staffordshire, Warwickshire and West Midlands)",SK 07594 51358,Yes,Category 2 (Significant),Category 4 (No Impact),Category 4 (No Impact),Staffordshire County,Staffordshire Moorlands District, 
1996196,17/09/2021,Cumbria and Lancashire,SD 57371 05563,Yes,Category 3 (Minor),Category 2 (Significant),Category 3 (Minor), ,Wigan District, 
1994434,18/09/2021,"West Midlands (Staffordshire, Warwickshire and West Midlands)",SJ 88600 17420,Yes,Category 4 (No Impact),Category 4 (No Impact),Category 2 (Significant),Staffordshire County,Stafford District, 
1994477,18/09/2021,Devon and Cornwall,SS 57467 32274,Yes,Category 4 (No Impact),Category 4 (No Impact),Category 2 (Significant),Devon County,North Devon District, 
1995100,20/09/2021,North East,NZ 25365 68530,Yes,Category 4 (No Impact),Category 4 (No Impact),Category 2 (Significant), ,Newcastle Upon Tyne District, 
1995326,21/09/2021,Lincolnshire and Northamptonshire,SK 82041 47146,Yes,Category 2 (Significant),Category 3 (Minor),Category 3 (Minor),Lincolnshire County,South Kesteven District, 
1995681,21/09/2021,"West Midlands (Staffordshire, Warwickshire and West Midlands)",SP 09244 68472,Yes,Category 3 (Minor),Category 2 (Significant),Category 4 (No Impact),Warwickshire County,Stratford-On-Avon District, 
1996091,22/09/2021,Yorkshire,SK 46342 97994,Yes,Category 2 (Significant),Category 2 (Significant),Category 4 (No Impact), ,Rotherham District, 
1996145,22/09/2021,Cumbria and Lancashire,SD 52363 90529,Yes,Category 4 (No Impact),Category 4 (No Impact),Category 2 (Significant),Cumbria County,South Lakeland District, 
1996334,22/09/2021,Thames,SU 73960 49029,Yes,Category 4 (No Impact),Category 1 (Major),Category 4 (No Impact),Hampshire County,Hart District, 
1996402,22/09/2021,"East Anglia (Essex, Norfolk and Suffolk)",TG 16573 02470,Yes,Category 4 (No Impact),Category 4 (No Impact),Category 2 (Significant),Norfolk County,South Norfolk District, 
1996636,23/09/2021,Lincolnshire and Northamptonshire,TF 32150 44736,Yes,Category 4 (No Impact),Category 2 (Significant),Category 2 (Significant),Lincolnshire County,Boston District, 
1996839,23/09/2021,Yorkshire,SE 80056 47334,Yes,Category 4 (No Impact),Category 4 (No Impact),Category 2 (Significant), , ,East Riding of Yorkshire
1996995,24/09/2021,Lincolnshire and Northamptonshire,SK 93135 14297,Yes,Category 4 (No Impact),Category 4 (No Impact),Category 2 (Significant), , ,Rutland
1997227,24/09/2021,East Midlands,SK 55229 26210,Yes,Category 4 (No Impact),Category 4 (No Impact),Category 2 (Significant),Nottinghamshire County,Rushcliffe District, 
1997279,24/09/2021,Cumbria and Lancashire,SD 52478 22156,Yes,Category 4 (No Impact),Category 4 (No Impact),Category 2 (Significant),Lancashire County,South Ribble District, 
1997403,25/09/2021,East Anglia (Cambridgeshire and Bedfordshire),TF 85950 04004,Yes,Category 4 (No Impact),Category 4 (No Impact),Category 2 (Significant),Norfolk County,Breckland District, 
1997643,26/09/2021,Solent and South Downs,SU 93879 26730,Yes,Category 4 (No Impact),Category 4 (No Impact),Category 2 (Significant),West Sussex County,Chichester District, 
1997850,27/09/2021,Devon and Cornwall,SW 67444 30738,Yes,Category 4 (No Impact),Category 3 (Minor),Category 2 (Significant),Cornwall County,Kerrier District, 
1998658,29/09/2021,"Greater Manchester, Merseyside and Cheshire",SJ 69556 54067,Yes,Category 2 (Significant),Category 4 (No Impact),Category 3 (Minor),Cheshire County,Crewe and Nantwich District, 
1998911,01/10/2021,"West Midlands (Staffordshire, Warwickshire and West Midlands)",SJ 82852 45933,Yes,Category 1 (Major),Category 4 (No Impact),Category 4 (No Impact),Staffordshire County,Newcastle-under-Lyme District, 
1998914,01/10/2021,"West Midlands (Staffordshire, Warwickshire and West Midlands)",SP 05984 79355,Yes,Category 2 (Significant),Category 4 (No Impact),Category 4 (No Impact), ,Birmingham District, 
1998922,01/10/2021,"West Midlands (Staffordshire, Warwickshire and West Midlands)",SP 04708 81274,Yes,Category 2 (Significant),Category 4 (No Impact),Category 4 (No Impact), ,Birmingham District, 
1998985,01/10/2021,Yorkshire,TA 03530 33171,Yes,Category 2 (Significant),Category 4 (No Impact),Category 4 (No Impact), , ,East Riding of Yorkshire
1999031,01/10/2021,Devon and Cornwall,SS 83776 00230,Yes,Category 2 (Significant),Category 4 (No Impact),Category 4 (No Impact),Devon County,Mid Devon District, 
1999101,01/10/2021,Yorkshire,SE 22484 34776,Yes,Category 2 (Significant),Category 4 (No Impact),Category 4 (No Impact), ,Leeds District, 
1999590,04/10/2021,"West Midlands (Staffordshire, Warwickshire and West Midlands)",SK 10547 50111,Yes,Category 2 (Significant),Category 4 (No Impact),Category 4 (No Impact),Staffordshire County,Staffordshire Moorlands District, 
1999737,04/10/2021,North East,NZ 55100 27300,Yes,Category 4 (No Impact),Category 4 (No Impact),Category 1 (Major), , ,Redcar and Cleveland
1999935,05/10/2021,East Midlands,SK 54935 59200,Yes,Category 4 (No Impact),Category 4 (No Impact),Category 2 (Significant),Nottinghamshire County,Mansfield District, 
2000014,05/10/2021,"Kent, South London and East Sussex",TR 40119 69794,Yes,Category 4 (No Impact),Category 4 (No Impact),Category 2 (Significant),Kent County,Thanet District, 
2000033,05/10/2021,East Anglia (Cambridgeshire and Bedfordshire),TF 67690 20370,Yes,Category 4 (No Impact),Category 3 (Minor),Category 2 (Significant),Norfolk County,King's Lynn and West Norfolk District, 
2000479,06/10/2021,"Kent, South London and East Sussex",TR 18860 66435,Yes,Category 4 (No Impact),Category 4 (No Impact),Category 2 (Significant),Kent County,Canterbury District, 
2000499,07/10/2021,East Anglia (Cambridgeshire and Bedfordshire),TL 21134 69309,Yes,Category 2 (Significant),Category 4 (No Impact),Category 4 (No Impact),Cambridgeshire County,Huntingdonshire District, 
2000913,08/10/2021,Devon and Cornwall,SX 82448 74030,Yes,Category 3 (Minor),Category 2 (Significant),Category 4 (No Impact),Devon County,Teignbridge District, 
2000992,08/10/2021,Yorkshire,SE 19339 40858,Yes,Category 2 (Significant),Category 4 (No Impact),Category 4 (No Impact), ,Leeds District, 
2000995,08/10/2021,East Midlands,SK 65572 46356,Yes,Category 4 (No Impact),Category 4 (No Impact),Category 2 (Significant),Nottinghamshire County,Newark and Sherwood District, 
2001488,10/10/2021,Hertfordshire and North London,TQ 19171 83565,Yes,Category 4 (No Impact),Category 4 (No Impact),Category 2 (Significant), ,Brent London Borough, 
2001553,10/10/2021,North East,NZ 29615 15742,Yes,Category 2 (Significant),Category 4 (No Impact),Category 4 (No Impact), , ,Darlington
2001902,11/10/2021,Wessex,ST 62754 43545,Yes,Category 4 (No Impact),Category 4 (No Impact),Category 2 (Significant),Somerset County,Mendip District, 
2002214,12/10/2021,Wessex,ST 24898 38439,Yes,Category 4 (No Impact),Category 4 (No Impact),Category 2 (Significant),Somerset County,Sedgemoor District, 
2002452,12/10/2021,"Greater Manchester, Merseyside and Cheshire",SJ 90256 97979,Yes,Category 4 (No Impact),Category 4 (No Impact),Category 2 (Significant), ,Tameside District, 
2002970,14/10/2021,Yorkshire,SE 31136 14740,Yes,Category 3 (Minor),Category 2 (Significant),Category 3 (Minor), ,Wakefield District, 
2003268,15/10/2021,North East,NZ 24167 79699,Yes,Category 4 (No Impact),Category 4 (No Impact),Category 2 (Significant),Northumberland County,Castle Morpeth District, 
2003546,16/10/2021,"West Midlands (Shropshire, Herefordshire, Worcestershire and Gloucestershire)",SO 57572 94007,Yes,Category 4 (No Impact),Category 4 (No Impact),Category 2 (Significant),Shropshire County,Bridgnorth District, 
2003636,17/10/2021,"Greater Manchester, Merseyside and Cheshire",SJ 54779 97196,Yes,Category 4 (No Impact),Category 4 (No Impact),Category 2 (Significant), ,St Helens District, 
2003691,17/10/2021,Hertfordshire and North London,TQ 46839 86681,Yes,Category 4 (No Impact),Category 4 (No Impact),Category 2 (Significant), ,Redbridge London Borough, 
2003753,17/10/2021,"East Anglia (Essex, Norfolk and Suffolk)",TQ 89473 85222,Yes,Category 4 (No Impact),Category 2 (Significant),Category 1 (Major), , ,Southend-On-Sea
2004446,20/10/2021,Cumbria and Lancashire,SD 54285 24636,Yes,Category 3 (Minor),Category 2 (Significant),Category 4 (No Impact),Lancashire County,South Ribble District, 
2004468,20/10/2021,Yorkshire,SE 42664 26375,Yes,Category 4 (No Impact),Category 4 (No Impact),Category 2 (Significant), ,Leeds District, 
2004795,21/10/2021,Cumbria and Lancashire,SJ 36440 97689,Yes,Category 4 (No Impact),Category 2 (Significant),Category 3 (Minor), ,Sefton District, 
2004809,21/10/2021,Thames,SP 53147 04594,Yes,Category 4 (No Impact),Category 2 (Significant),Category 4 (No Impact),Oxfordshire County,Oxford District, 
2004864,21/10/2021,North East,NZ 23651 62385,Yes,Category 2 (Significant),Category 4 (No Impact),Category 4 (No Impact), ,Gateshead District, 
2004947,21/10/2021,Yorkshire,NZ 81810 07753,Yes,Category 4 (No Impact),Category 4 (No Impact),Category 2 (Significant),North Yorkshire County,Scarborough District, 
2005191,22/10/2021,East Midlands,SK 51298 59292,Yes,Category 4 (No Impact),Category 4 (No Impact),Category 2 (Significant),Nottinghamshire County,Ashfield District, 
2005227,22/10/2021,Solent and South Downs,SU 64766 02818,Yes,Category 2 (Significant),Category 4 (No Impact),Category 4 (No Impact), , ,City of Portsmouth
2005366,23/10/2021,Solent and South Downs,SZ 81682 96404,Yes,Category 4 (No Impact),Category 4 (No Impact),Category 2 (Significant),West Sussex County,Chichester District, 
2005568,24/10/2021,Cumbria and Lancashire,NX 97492 15475,Yes,Category 4 (No Impact),Category 4 (No Impact),Category 2 (Significant),Cumbria County,Copeland District, 
2005779,25/10/2021,"East Anglia (Essex, Norfolk and Suffolk)",TG 40976 10693,Yes,Category 4 (No Impact),Category 4 (No Impact),Category 2 (Significant),Norfolk County,Broadland District, 
2005799,25/10/2021,Devon and Cornwall,ST 01191 11886,Yes,Category 4 (No Impact),Category 4 (No Impact),Category 2 (Significant),Devon County,Mid Devon District, 
2005938,26/10/2021,"West Midlands (Staffordshire, Warwickshire and West Midlands)",SJ 92066 60455,Yes,Category 4 (No Impact),Category 2 (Significant),Category 3 (Minor),Staffordshire County,Staffordshire Moorlands District, 
2006442,28/10/2021,Thames,SU 34870 93440,Yes,Category 4 (No Impact),Category 4 (No Impact),Category 1 (Major),Oxfordshire County,Vale of White Horse District, 
2006469,28/10/2021,"East Anglia (Essex, Norfolk and Suffolk)",TG 41483 11630,Yes,Category 4 (No Impact),Category 4 (No Impact),Category 2 (Significant),Norfolk County,Broadland District, 
2006515,28/10/2021,Solent and South Downs,SU 74096 24235,Yes,Category 4 (No Impact),Category 4 (No Impact),Category 2 (Significant),Hampshire County,East Hampshire District, 
2006839,28/10/2021,"West Midlands (Staffordshire, Warwickshire and West Midlands)",SJ 97611 00516,Yes,Category 3 (Minor),Category 2 (Significant),Category 4 (No Impact), ,Walsall District, 
2006950,29/10/2021,Yorkshire,SE 75162 27908,Yes,Category 4 (No Impact),Category 4 (No Impact),Category 2 (Significant), , ,East Riding of Yorkshire
2007000,29/10/2021,"West Midlands (Shropshire, Herefordshire, Worcestershire and Gloucestershire)",SO 88497 65066,Yes,Category 4 (No Impact),Category 3 (Minor),Category 2 (Significant),Worcestershire County,Wychavon District, 
2007122,30/10/2021,Cumbria and Lancashire,SD 60519 07063,Yes,Category 4 (No Impact),Category 3 (Minor),Category 2 (Significant), ,Wigan District, 
2007166,30/10/2021,Wessex,ST 48714 62373,Yes,Category 3 (Minor),Category 4 (No Impact),Category 2 (Significant), , ,North Somerset
2007401,01/11/2021,"West Midlands (Staffordshire, Warwickshire and West Midlands)",SK 10547 50111,Yes,Category 2 (Significant),Category 4 (No Impact),Category 4 (No Impact),Staffordshire County,Staffordshire Moorlands District, 
2007481,01/11/2021,Yorkshire,TA 03544 33168,Yes,Category 2 (Significant),Category 4 (No Impact),Category 4 (No Impact), , ,East Riding of Yorkshire
2007487,01/11/2021,"West Midlands (Staffordshire, Warwickshire and West Midlands)",SJ 82856 45943,Yes,Category 1 (Major),Category 4 (No Impact),Category 4 (No Impact),Staffordshire County,Newcastle-under-Lyme District, 
2007570,01/11/2021,"Kent, South London and East Sussex",TQ 58005 73166,Yes,Category 4 (No Impact),Category 2 (Significant),Category 4 (No Impact),Kent County,Dartford District, 
2007702,01/11/2021,"Kent, South London and East Sussex",TQ 29235 50975,Yes,Category 2 (Significant),Category 4 (No Impact),Category 4 (No Impact),Surrey County,Reigate and Banstead District, 
2007995,02/11/2021,Yorkshire,NZ 81200 15765,Yes,Category 4 (No Impact),Category 4 (No Impact),Category 1 (Major),North Yorkshire County,Scarborough District, 
2008362,04/11/2021,Cumbria and Lancashire,NY 61848 21090,Yes,Category 4 (No Impact),Category 4 (No Impact),Category 2 (Significant),Cumbria County,Eden District, 
2008399,04/11/2021,Hertfordshire and North London,TL 37187 06857,Yes,Category 4 (No Impact),Category 4 (No Impact),Category 2 (Significant),Hertfordshire County,Broxbourne District, 
2009123,06/11/2021,East Anglia (Cambridgeshire and Bedfordshire),TM 06954 96875,Yes,Category 4 (No Impact),Category 4 (No Impact),Category 2 (Significant),Norfolk County,Breckland District, 
2009205,06/11/2021,"Greater Manchester, Merseyside and Cheshire",SJ 64734 75312,Yes,Category 4 (No Impact),Category 4 (No Impact),Category 2 (Significant),Cheshire County,Vale Royal District, 
2009372,07/11/2021,"Greater Manchester, Merseyside and Cheshire",SJ 68278 73378,Yes,Category 4 (No Impact),Category 4 (No Impact),Category 2 (Significant),Cheshire County,Vale Royal District, 
2009395,07/11/2021,"East Anglia (Essex, Norfolk and Suffolk)",TQ 64523 85040,Yes,Category 4 (No Impact),Category 2 (Significant),Category 4 (No Impact), , ,Thurrock
2009460,08/11/2021,Cumbria and Lancashire,NY 36641 60858,Yes,Category 2 (Significant),Category 4 (No Impact),Category 4 (No Impact),Cumbria County,Carlisle District, 
2009499,08/11/2021,Yorkshire,SE 22475 34766,Yes,Category 2 (Significant),Category 4 (No Impact),Category 4 (No Impact), ,Leeds District, 
2010415,11/11/2021,East Anglia (Cambridgeshire and Bedfordshire),TL 21140 69325,Yes,Category 2 (Significant),Category 4 (No Impact),Category 4 (No Impact),Cambridgeshire County,Huntingdonshire District, 
2010687,13/11/2021,"Kent, South London and East Sussex",TQ 47275 46937,Yes,Category 4 (No Impact),Category 3 (Minor),Category 2 (Significant),Kent County,Sevenoaks District, 
2011006,15/11/2021,North East,NZ 54260 23203,Yes,Category 2 (Significant),Category 3 (Minor),Category 4 (No Impact), , ,Redcar and Cleveland
2011018,15/11/2021,"Greater Manchester, Merseyside and Cheshire",SD 77176 04601,Yes,Category 4 (No Impact),Category 4 (No Impact),Category 2 (Significant), ,Bolton District, 
2011201,15/11/2021,Yorkshire,SE 27251 31769,Yes,Category 2 (Significant),Category 4 (No Impact),Category 4 (No Impact), ,Leeds District, 
2011256,15/11/2021,Wessex,ST 62220 43691,Yes,Category 4 (No Impact),Category 4 (No Impact),Category 1 (Major),Somerset County,Mendip District, 
2011359,16/11/2021,East Anglia (Cambridgeshire and Bedfordshire),TM 06946 96849,Yes,Category 4 (No Impact),Category 4 (No Impact),Category 1 (Major),Norfolk County,Breckland District, 
2011369,16/11/2021,North East,NZ 45023 41833,Yes,Category 4 (No Impact),Category 4 (No Impact),Category 1 (Major),Durham County,Easington District, 
2011836,17/11/2021,Wessex,SU 02356 59984,Yes,Category 2 (Significant),Category 3 (Minor),Category 4 (No Impact),Wiltshire County,Kennet District, 
2011918,18/11/2021,Yorkshire,SE 18393 04487,Yes,Category 2 (Significant),Category 4 (No Impact),Category 4 (No Impact), ,Barnsley District, 
2012039,18/11/2021,East Anglia (Cambridgeshire and Bedfordshire),TL 18237 39430,Yes,Category 4 (No Impact),Category 4 (No Impact),Category 2 (Significant),Bedfordshire County,Mid Bedfordshire District, 
2012426,21/11/2021,Wessex,ST 67264 78113,Yes,Category 4 (No Impact),Category 3 (Minor),Category 1 (Major), , ,South Gloucestershire
2013041,24/11/2021,Devon and Cornwall,SX 24083 69390,Yes,Category 4 (No Impact),Category 4 (No Impact),Category 2 (Significant),Cornwall County,Caradon District, 
2013250,24/11/2021,Yorkshire,TA 03749 26059,Yes,Category 2 (Significant),Category 4 (No Impact),Category 3 (Minor), , ,East Riding of Yorkshire
2013316,25/11/2021,Solent and South Downs,TQ 11767 33087,Yes,Category 4 (No Impact),Category 4 (No Impact),Category 2 (Significant),West Sussex County,Horsham District, 
2014225,29/11/2021,East Anglia (Cambridgeshire and Bedfordshire),TL 45429 56721,Yes,Category 4 (No Impact),Category 4 (No Impact),Category 2 (Significant),Cambridgeshire County,Cambridge District, 
2014293,29/11/2021,Devon and Cornwall,SY 01321 89643,Yes,Category 4 (No Impact),Category 3 (Minor),Category 2 (Significant),Devon County,East Devon District, 
2014554,01/12/2021,Hertfordshire and North London,TQ 49964 87753,Yes,Category 2 (Significant),Category 4 (No Impact),Category 4 (No Impact), ,Havering London Borough, 
2014640,01/12/2021,Yorkshire,TA 02601 29640,Yes,Category 2 (Significant),Category 4 (No Impact),Category 4 (No Impact), , ,East Riding of Yorkshire
2014646,01/12/2021,Wessex,SZ 09612 96055,Yes,Category 4 (No Impact),Category 4 (No Impact),Category 2 (Significant), , ,Bournemouth
2014816,02/12/2021,"West Midlands (Staffordshire, Warwickshire and West Midlands)",SJ 82856 45988,Yes,Category 2 (Significant),Category 4 (No Impact),Category 4 (No Impact),Staffordshire County,Newcastle-under-Lyme District, 
2014963,02/12/2021,"West Midlands (Staffordshire, Warwickshire and West Midlands)",SK 08429 49700,Yes,Category 2 (Significant),Category 4 (No Impact),Category 4 (No Impact),Staffordshire County,Staffordshire Moorlands District, 
2015037,03/12/2021,"West Midlands (Shropshire, Herefordshire, Worcestershire and Gloucestershire)",SO 45555 62572,Yes,Category 4 (No Impact),Category 1 (Major),Category 1 (Major), , ,County of Herefordshire
2015325,04/12/2021,East Midlands,SK 58946 07222,Yes,Category 2 (Significant),Category 3 (Minor),Category 3 (Minor), , ,City of Leicester
2015750,07/12/2021,Solent and South Downs,SU 61232 18224,Yes,Category 4 (No Impact),Category 4 (No Impact),Category 2 (Significant),Hampshire County,Winchester District, 
2016266,09/12/2021,"Greater Manchester, Merseyside and Cheshire",SJ 60069 75938,Yes,Category 4 (No Impact),Category 4 (No Impact),Category 2 (Significant),Cheshire County,Vale Royal District, 
2016476,10/12/2021,Yorkshire,SE 22475 34773,Yes,Category 2 (Significant),Category 4 (No Impact),Category 4 (No Impact), ,Leeds District, 
2016552,11/12/2021,East Midlands,SK 14249 73327,Yes,Category 4 (No Impact),Category 4 (No Impact),Category 2 (Significant),Derbyshire County,Derbyshire Dales District, 
2016923,13/12/2021,Yorkshire,SE 18356 04487,Yes,Category 2 (Significant),Category 4 (No Impact),Category 4 (No Impact), ,Barnsley District, 
2017224,14/12/2021,Thames,SU 60731 89079,Yes,Category 3 (Minor),Category 4 (No Impact),Category 1 (Major),Oxfordshire County,South Oxfordshire District, 
2018600,15/12/2021,"Kent, South London and East Sussex",TQ 11264 54557,Yes,Category 4 (No Impact),Category 2 (Significant),Category 4 (No Impact),Surrey County,Guildford District, 
2017504,16/12/2021,East Anglia (Cambridgeshire and Bedfordshire),TL 44606 50913,Yes,Category 4 (No Impact),Category 4 (No Impact),Category 2 (Significant),Cambridgeshire County,South Cambridgeshire District, 
2017573,16/12/2021,East Midlands,SK 55724 03009,Yes,Category 4 (No Impact),Category 4 (No Impact),Category 2 (Significant), , ,City of Leicester
2017796,16/12/2021,Hertfordshire and North London,TQ 45848 96511,Yes,Category 4 (No Impact),Category 2 (Significant),Category 3 (Minor),Essex County,Epping Forest District, 
2018486,20/12/2021,Devon and Cornwall,ST 08521 11388,Yes,Category 4 (No Impact),Category 4 (No Impact),Category 2 (Significant),Devon County,Mid Devon District, 
2018766,21/12/2021,Devon and Cornwall,ST 01191 11886,Yes,Category 4 (No Impact),Category 3 (Minor),Category 2 (Significant),Devon County,Mid Devon District, 
2018818,21/12/2021,"East Anglia (Essex, Norfolk and Suffolk)",TL 74493 08436,Yes,Category 4 (No Impact),Category 4 (No Impact),Category 2 (Significant),Essex County,Chelmsford District, 
2018884,21/12/2021,Wessex,ST 86431 69126,Yes,Category 4 (No Impact),Category 4 (No Impact),Category 2 (Significant),Wiltshire County,North Wiltshire District, 
2019018,22/12/2021,Devon and Cornwall,ST 35454 07788,Yes,Category 4 (No Impact),Category 4 (No Impact),Category 2 (Significant),Somerset County,South Somerset District, 
2019146,22/12/2021,Solent and South Downs,SU 88340 02256,Yes,Category 4 (No Impact),Category 4 (No Impact),Category 2 (Significant),West Sussex County,Chichester District, 
2019727,27/12/2021,North East,NZ 12527 50800,Yes,Category 4 (No Impact),Category 4 (No Impact),Category 2 (Significant),Durham County,Derwentside District, 
2019985,29/12/2021,Yorkshire,SK 41508 82682,Yes,Category 4 (No Impact),Category 3 (Minor),Category 2 (Significant), ,Sheffield District, 
2020443,31/12/2021,Thames,SP 34745 08545,Yes,Category 4 (No Impact),Category 4 (No Impact),Category 2 (Significant),Oxfordshire County,West Oxfordshire District, 
,,,,,,,,,,
,,,,,,,,,,
,,,,,,,,,,
